league_federation_id,category,phase,round,home,away,score,set_scores,acta_html_url,foto_url,foto_ext,match_id_guess
8230,Infantil Femenina,COPA PRIMAVERA BRONZE H,2,CV ALAIOR BLAU,GRÀFIQUES ARTÀ,0 - 2,18-25/23-25,,https://www.voleibolib.net/pdf.asp?o=1780153395_6042.pdf,otro,
8231,Infantil Femenina,COPA PRIMAVERA BRONZE J,1,9FUTUR VOLEI MURO,ALARÓ VÒLEI AO ESTILISTAS,1 - 2,22-25/25-17/17-19,,https://www.voleibolib.net/pdf.asp?o=85271.jpg,jpg,85271
8232,Infantil Femenina,COPA PRIMAVERA BRONZE K,2,EECVC SOM TOTES,CV ALAIOR,2 - 1,19-25/25-7/15-12,,https://www.voleibolib.net/pdf.asp?o=1780153323_5356.pdf,otro,
8224,Infantil Femenina,COPA PRIMAVERA PLATA C,1,CLUB VOLEI MAÓ INFANTIL FEMENÍ,ALARÓ VÒLEI LIVING BLUE,1 - 2,25-22/19-25/8-15,,https://www.voleibolib.net/pdf.asp?o=85234.jpeg,jpeg,85234
8226,Infantil Femenina,COPA PRIMAVERA PLATA E,1,CA N'AMER C.V. CARDASSAR,VOLEI MURO,1 - 2,26-24/24-26/9-15,,https://www.voleibolib.net/pdf.asp?o=85246.jpeg,jpeg,85246
8226,Infantil Femenina,COPA PRIMAVERA PLATA E,3,ELÈCTRICA SANSÓ ARTÀ,VOLEI MURO,2 - 1,25-12/26-28/15-5,,https://www.voleibolib.net/pdf.asp?o=1780153431_9722.pdf,otro,
8228,Infantil Femenina,COPA PRIMAVERA PLATA F,1,GRUES CAIMARI VOLEI MURO,ALARÓ VÒLEI S&#39;EMPITADO,2 - 0,25-10/25-22,,https://www.voleibolib.net/pdf.asp?o=85253.jpg,jpg,85253
7998,Infantil Masculina,GRUP A,1,CAIXA COLONYA CV MANACOR,Escola Voleibol Sant Joan Blanc Algaida VC,3 - 2,25-15/27-25/24-26/23-25/15-9,,https://www.voleibolib.net/pdf.asp?o=81159.jpg,jpg,81159
7998,Infantil Masculina,GRUP A,2,Escola Voleibol Sant Joan Blanc Algaida VC,ALARÓ VÒLEI NIU OBRES,3 - 0,25-16/26-24/25-8,,https://www.voleibolib.net/pdf.asp?o=1761390831_8853.pdf,otro,
7998,Infantil Masculina,GRUP A,3,CV SANT JOSEP LILA,Escola Voleibol Sant Joan Blanc Algaida VC,0 - 3,0-25/0-25/0-25,,https://www.voleibolib.net/pdf.asp?o=81168.jpg,jpg,81168
7998,Infantil Masculina,GRUP A,4,ALCOCEBA I ESTRANY DESPATX D´AVOCATS CV PÓRTOL,ALARÓ VÒLEI NIU OBRES,3 - 0,25-8/25-13/25-18,,https://www.voleibolib.net/pdf.asp?o=81171.jpeg,jpeg,81171
7998,Infantil Masculina,GRUP A,6,ALCOCEBA I ESTRANY DESPATX D´AVOCATS CV PÓRTOL,Escola Voleibol Sant Joan Blanc Algaida VC,3 - 0,25-3/25-8/25-4,,https://www.voleibolib.net/pdf.asp?o=81178.jpg,jpg,81178
7998,Infantil Masculina,GRUP A,6,ES POLI BAR ARTÀ,CV SANT JOSEP LILA,0 - 3,9-25/16-25/17-25,,https://www.voleibolib.net/pdf.asp?o=81179.jpeg,jpeg,81179
7998,Infantil Masculina,GRUP A,7,CV SANT JOSEP LILA,CAIXA COLONYA CV MANACOR,3 - 1,17-25/25-13/25-14/25-16,,https://www.voleibolib.net/pdf.asp?o=81182.jpg,jpg,81182
7998,Infantil Masculina,GRUP A,9,ALARÓ VÒLEI NIU OBRES,Escola Voleibol Sant Joan Blanc Algaida VC,1 - 3,23-25/16-25/25-17/14-25,,https://www.voleibolib.net/pdf.asp?o=81190.jpeg,jpeg,81190
7998,Infantil Masculina,GRUP A,11,ALARÓ VÒLEI NIU OBRES,ALCOCEBA I ESTRANY DESPATX D´AVOCATS CV PÓRTOL,0 - 3,10-25/8-25/10-25,,https://www.voleibolib.net/pdf.asp?o=81199.jpeg,jpeg,81199
7998,Infantil Masculina,GRUP A,12,ALCOCEBA I ESTRANY DESPATX D´AVOCATS CV PÓRTOL,CV SANT JOSEP LILA,3 - 2,25-10/25-19/23-25/21-25/15-9,,https://www.voleibolib.net/pdf.asp?o=81203.jpeg,jpeg,81203
7998,Infantil Masculina,GRUP A,13,CV SANT JOSEP LILA,ES POLI BAR ARTÀ,3 - 0,25-4/25-14/25-9,,https://www.voleibolib.net/pdf.asp?o=81207.jpg,jpg,81207
7999,Infantil Masculina,GRUP B,1,FERRO CORTEN BALEAR Cv PORTO CRISTO,VOLEY CIDE PALMA,0 - 3,11-25/5-25/10-25,,https://www.voleibolib.net/pdf.asp?o=81216.jpg,jpg,81216
7999,Infantil Masculina,GRUP B,2,XESC FRED I CLIMA CV. PÒRTOL BLANCO,ESCOLA VOLEIBOL SANT JOAN VERMELL ALGAIDA CV,0 - 3,14-25/8-25/7-25,,https://www.voleibolib.net/pdf.asp?o=81220.jpg,jpg,81220
7999,Infantil Masculina,GRUP B,3,ESPORLES VC,XESC FRED I CLIMA CV. PÒRTOL BLANCO,3 - 0,25-5/25-12/25-6,,https://www.voleibolib.net/pdf.asp?o=81222.jpeg,jpeg,81222
7999,Infantil Masculina,GRUP B,4,XESC FRED I CLIMA CV. PÒRTOL BLANCO,FERRO CORTEN BALEAR Cv PORTO CRISTO,0 - 3,19-25/14-25/7-25,,https://www.voleibolib.net/pdf.asp?o=81227.jpg,jpg,81227
7999,Infantil Masculina,GRUP B,5,ESPORLES VC,PEP MASCARO CV PORTOL ROJO,3 - 1,25-16/25-15/21-25/25-6,,https://www.voleibolib.net/pdf.asp?o=81229.jpeg,jpeg,81229
7999,Infantil Masculina,GRUP B,6,XESC FRED I CLIMA CV. PÒRTOL BLANCO,MAYURQA VOLEY PALMA,1 - 3,21-25/27-25/6-25/20-25,,https://www.voleibolib.net/pdf.asp?o=81234.jpg,jpg,81234
7999,Infantil Masculina,GRUP B,8,VOLEY CIDE PALMA,FERRO CORTEN BALEAR Cv PORTO CRISTO,3 - 0,25-16/25-18/25-15,,https://www.voleibolib.net/pdf.asp?o=81244.jpg,jpg,81244
7999,Infantil Masculina,GRUP B,9,FERRO CORTEN BALEAR Cv PORTO CRISTO,MAYURQA VOLEY PALMA,0 - 3,10-25/21-25/16-25,,https://www.voleibolib.net/pdf.asp?o=81246.jpg,jpg,81246
7999,Infantil Masculina,GRUP B,11,FERRO CORTEN BALEAR Cv PORTO CRISTO,XESC FRED I CLIMA CV. PÒRTOL BLANCO,3 - 0,25-15/25-10/25-17,,https://www.voleibolib.net/pdf.asp?o=81255.jpeg,jpeg,81255
7999,Infantil Masculina,GRUP B,11,ESPORLES VC,ESCOLA VOLEIBOL SANT JOAN VERMELL ALGAIDA CV,0 - 3,10-25/7-25/13-25,,https://www.voleibolib.net/pdf.asp?o=81256.jpg,jpg,81256
7999,Infantil Masculina,GRUP B,13,MAYURQA VOLEY PALMA,XESC FRED I CLIMA CV. PÒRTOL BLANCO,3 - 0,25-10/25-15/25-14,,https://www.voleibolib.net/pdf.asp?o=81262.jpeg,jpeg,81262
7999,Infantil Masculina,GRUP B,14,PEP MASCARO CV PORTOL ROJO,FERRO CORTEN BALEAR Cv PORTO CRISTO,2 - 3,20-25/17-25/25-19/25-23/15-17,,https://www.voleibolib.net/pdf.asp?o=81265.jpg,jpg,81265
8056,INFANTIL FEMENINA 2ª DIVISION B,GRUP A,1,ALARÓ VÒLEI LIVING BLUE,ALARÓ VÒLEI S&#39;EMPITADO,3 - 1,27-25/25-27/25-20/25-15,,https://www.voleibolib.net/pdf.asp?o=83330.jpg,jpg,83330
8056,INFANTIL FEMENINA 2ª DIVISION B,GRUP A,2,TRANSILLES CV PORTOL BLANCO,SAN CAYETANO BLANCO,1 - 3,25-21/18-25/14-25/19-25,,https://www.voleibolib.net/pdf.asp?o=83334.jpg,jpg,83334
8056,INFANTIL FEMENINA 2ª DIVISION B,GRUP A,3,ALARÓ VÒLEI S&#39;EMPITADO,CV POLLENÇA GROC,0 - 3,6-25/5-25/7-25,,https://www.voleibolib.net/pdf.asp?o=83338.jpg,jpg,83338
8056,INFANTIL FEMENINA 2ª DIVISION B,GRUP A,4,SAN CAYETANO BLANCO,AMALTEA VIAJES ESPORLES VC,3 - 2,12-25/25-20/25-21/23-25/15-10,,https://www.voleibolib.net/pdf.asp?o=83342.jpeg,jpeg,83342
8056,INFANTIL FEMENINA 2ª DIVISION B,GRUP A,6,TRANSILLES CV PORTOL BLANCO,CV POLLENÇA GROC,1 - 3,11-25/25-16/15-25/8-25,,https://www.voleibolib.net/pdf.asp?o=83348.jpg,jpg,83348
8056,INFANTIL FEMENINA 2ª DIVISION B,GRUP A,6,SAN CAYETANO BLANCO,ALARÓ VÒLEI S&#39;EMPITADO,3 - 0,25-14/25-16/25-9,,https://www.voleibolib.net/pdf.asp?o=83349.jpg,jpg,83349
8056,INFANTIL FEMENINA 2ª DIVISION B,GRUP A,6,AMALTEA VIAJES ESPORLES VC,ALARÓ VÒLEI LIVING BLUE,3 - 1,15-25/25-11/25-20/25-15,,https://www.voleibolib.net/pdf.asp?o=83350.jpg,jpg,83350
8056,INFANTIL FEMENINA 2ª DIVISION B,GRUP A,7,ALARÓ VÒLEI S&#39;EMPITADO,AMALTEA VIAJES ESPORLES VC,0 - 3,17-25/10-25/23-25,,https://www.voleibolib.net/pdf.asp?o=83352.jpg,jpg,83352
8056,INFANTIL FEMENINA 2ª DIVISION B,GRUP A,8,ALARÓ VÒLEI S&#39;EMPITADO,ALARÓ VÒLEI LIVING BLUE,0 - 3,21-25/13-25/10-25,,https://www.voleibolib.net/pdf.asp?o=83358.jpg,jpg,83358
8056,INFANTIL FEMENINA 2ª DIVISION B,GRUP A,9,ALARÓ VÒLEI LIVING BLUE,CV POLLENÇA GROC,1 - 3,28-30/25-22/22-25/19-25,,https://www.voleibolib.net/pdf.asp?o=83360.jpeg,jpeg,83360
8056,INFANTIL FEMENINA 2ª DIVISION B,GRUP A,10,TRANSILLES CV PORTOL BLANCO,AMALTEA VIAJES ESPORLES VC,1 - 3,25-22/12-25/14-25/21-25,,https://www.voleibolib.net/pdf.asp?o=83364.jpeg,jpeg,83364
8056,INFANTIL FEMENINA 2ª DIVISION B,GRUP A,11,ALARÓ VÒLEI LIVING BLUE,TRANSILLES CV PORTOL BLANCO,0 - 3,25-27/20-25/20-25,,https://www.voleibolib.net/pdf.asp?o=83369.jpg,jpg,83369
8056,INFANTIL FEMENINA 2ª DIVISION B,GRUP A,13,ALARÓ VÒLEI S&#39;EMPITADO,SAN CAYETANO BLANCO,0 - 3,22-25/20-25/6-25,,https://www.voleibolib.net/pdf.asp?o=83377.jpeg,jpeg,83377
8057,INFANTIL FEMENINA 2ª DIVISION B,GRUP B,1,CLUB VOLEI FELANITX,ESPORLES VC CORAL,2 - 3,25-19/11-25/25-23/14-25/2-15,,https://www.voleibolib.net/pdf.asp?o=83386.jpeg,jpeg,83386
8057,INFANTIL FEMENINA 2ª DIVISION B,GRUP B,3,ENTRECULTURAS MONTESIÓN KAFKA&#39;S HEAD,JB VOLEI PETRA,2 - 3,25-21/25-23/15-25/17-25/7-15,,https://www.voleibolib.net/pdf.asp?o=83392.jpeg,jpeg,83392
8057,INFANTIL FEMENINA 2ª DIVISION B,GRUP B,3,CLUB VOLEI FELANITX,ENTRECULTURAS MONTESIÓN BLANC,1 - 3,14-25/25-23/17-25/11-25,,https://www.voleibolib.net/pdf.asp?o=83393.jpg,jpg,83393
8057,INFANTIL FEMENINA 2ª DIVISION B,GRUP B,4,ENTRECULTURAS MONTESIÓN BLANC,ESPORLES VC CORAL,3 - 0,25-19/25-23/25-20,,https://www.voleibolib.net/pdf.asp?o=83396.jpg,jpg,83396
8057,INFANTIL FEMENINA 2ª DIVISION B,GRUP B,4,JB VOLEI PETRA,CLUB VOLEI FELANITX,3 - 0,27-25/25-17/25-20,,https://www.voleibolib.net/pdf.asp?o=83397.jpeg,jpeg,83397
8057,INFANTIL FEMENINA 2ª DIVISION B,GRUP B,5,ENTRECULTURAS MONTESIÓN KAFKA&#39;S HEAD,ESCOLA VOLEIBOL SANT JOAN,0 - 3,0-25/0-25/0-25,,https://www.voleibolib.net/pdf.asp?o=83399.jpeg,jpeg,83399
8057,INFANTIL FEMENINA 2ª DIVISION B,GRUP B,6,ESCOLA VOLEIBOL SANT JOAN,ENTRECULTURAS MONTESIÓN BLANC,3 - 2,22-25/23-25/25-15/25-11/15-10,,https://www.voleibolib.net/pdf.asp?o=83403.jpg,jpg,83403
8057,INFANTIL FEMENINA 2ª DIVISION B,GRUP B,6,ENTRECULTURAS MONTESION INFANTIL VERMELL,ESPORLES VC CORAL,2 - 3,25-17/15-25/25-19/21-25/13-15,,https://www.voleibolib.net/pdf.asp?o=83405.jpeg,jpeg,83405
8057,INFANTIL FEMENINA 2ª DIVISION B,GRUP B,6,ENTRECULTURAS MONTESIÓN KAFKA&#39;S HEAD,CLUB VOLEI FELANITX,3 - 0,25-13/25-19/25-19,,https://www.voleibolib.net/pdf.asp?o=83406.jpg,jpg,83406
8057,INFANTIL FEMENINA 2ª DIVISION B,GRUP B,7,CLUB VOLEI FELANITX,ESCOLA VOLEIBOL SANT JOAN,0 - 3,15-25/15-25/17-25,,https://www.voleibolib.net/pdf.asp?o=83407.jpg,jpg,83407
8057,INFANTIL FEMENINA 2ª DIVISION B,GRUP B,9,ESPORLES VC CORAL,ESCOLA VOLEIBOL SANT JOAN,0 - 3,13-25/17-25/15-25,,https://www.voleibolib.net/pdf.asp?o=83415.jpg,jpg,83415
8057,INFANTIL FEMENINA 2ª DIVISION B,GRUP B,9,ENTRECULTURAS MONTESIÓN KAFKA&#39;S HEAD,ENTRECULTURAS MONTESIÓN BLANC,3 - 0,26-24/26-24/25-17,,https://www.voleibolib.net/pdf.asp?o=83417.jpeg,jpeg,83417
8057,INFANTIL FEMENINA 2ª DIVISION B,GRUP B,10,ESCOLA VOLEIBOL SANT JOAN,ENTRECULTURAS MONTESION INFANTIL VERMELL,3 - 0,25-11/25-14/25-14,,https://www.voleibolib.net/pdf.asp?o=83419.jpg,jpg,83419
8057,INFANTIL FEMENINA 2ª DIVISION B,GRUP B,10,ENTRECULTURAS MONTESIÓN BLANC,CLUB VOLEI FELANITX,3 - 0,25-4/25-18/25-20,,https://www.voleibolib.net/pdf.asp?o=83421.jpeg,jpeg,83421
8057,INFANTIL FEMENINA 2ª DIVISION B,GRUP B,11,ENTRECULTURAS MONTESIÓN KAFKA&#39;S HEAD,ENTRECULTURAS MONTESION INFANTIL VERMELL,3 - 0,25-20/25-14/25-13,,https://www.voleibolib.net/pdf.asp?o=83426.jpg,jpg,83426
8057,INFANTIL FEMENINA 2ª DIVISION B,GRUP B,12,ENTRECULTURAS MONTESION INFANTIL VERMELL,CLUB VOLEI FELANITX,3 - 1,25-11/23-25/25-18/25-19,,https://www.voleibolib.net/pdf.asp?o=83428.jpeg,jpeg,83428
8057,INFANTIL FEMENINA 2ª DIVISION B,GRUP B,12,JB VOLEI PETRA,ESPORLES VC CORAL,2 - 3,25-19/15-25/25-22/22-25/14-16,,https://www.voleibolib.net/pdf.asp?o=83429.jpeg,jpeg,83429
8057,INFANTIL FEMENINA 2ª DIVISION B,GRUP B,13,ENTRECULTURAS MONTESIÓN BLANC,ESCOLA VOLEIBOL SANT JOAN,2 - 3,25-23/17-25/12-25/26-24/8-15,,https://www.voleibolib.net/pdf.asp?o=83431.jpg,jpg,83431
8057,INFANTIL FEMENINA 2ª DIVISION B,GRUP B,14,ENTRECULTURAS MONTESIÓN KAFKA&#39;S HEAD,ESPORLES VC CORAL,3 - 0,25-18/25-6/26-24,,https://www.voleibolib.net/pdf.asp?o=83436.jpg,jpg,83436
8058,INFANTIL FEMENINA 2ª DIVISION B,GRUP C,1,MAYURQA VOLEY PALMA AABB,ACASA ALCÚDIA,3 - 1,25-19/25-20/22-25/25-21,,https://www.voleibolib.net/pdf.asp?o=83439.jpeg,jpeg,83439
8058,INFANTIL FEMENINA 2ª DIVISION B,GRUP C,1,MADRE ALBERTA SNEAKERLOST,SAGRAT COR - INFANTIL B,1 - 3,8-25/25-11/9-25/21-25,,https://www.voleibolib.net/pdf.asp?o=83442.jpg,jpg,83442
8058,INFANTIL FEMENINA 2ª DIVISION B,GRUP C,3,CONSTRUCCIONS ESPORLES 2000 CV VILAFRANCA,MAYURQA VOLEY PALMA AABB,3 - 1,19-25/25-14/25-18/25-16,,https://www.voleibolib.net/pdf.asp?o=83448.jpg,jpg,83448
8058,INFANTIL FEMENINA 2ª DIVISION B,GRUP C,4,ACASA ALCÚDIA,VOLEY CIDE PALMA 6X6 FUTURE,1 - 3,22-25/25-15/21-25/23-25,,https://www.voleibolib.net/pdf.asp?o=83451.jpg,jpg,83451
8058,INFANTIL FEMENINA 2ª DIVISION B,GRUP C,4,CA N'AMER C.V. CARDASSAR,CONSTRUCCIONS ESPORLES 2000 CV VILAFRANCA,0 - 3,13-25/21-25/18-25,,https://www.voleibolib.net/pdf.asp?o=83454.jpg,jpg,83454
8058,INFANTIL FEMENINA 2ª DIVISION B,GRUP C,5,MAYURQA VOLEY PALMA AABB,SAGRAT COR - INFANTIL B,2 - 3,22-25/25-21/25-21/18-25/14-16,,https://www.voleibolib.net/pdf.asp?o=83457.jpg,jpg,83457
8058,INFANTIL FEMENINA 2ª DIVISION B,GRUP C,6,MAYURQA VOLEY PALMA AABB,VOLEY CIDE PALMA 6X6 FUTURE,2 - 3,25-20/25-14/27-29/19-25/12-15,,https://www.voleibolib.net/pdf.asp?o=83460.jpg,jpg,83460
8058,INFANTIL FEMENINA 2ª DIVISION B,GRUP C,7,VOLEY CIDE PALMA 6X6 FUTURE,CA N'AMER C.V. CARDASSAR,3 - 0,25-13/25-17/25-11,,https://www.voleibolib.net/pdf.asp?o=83465.jpeg,jpeg,83465
8058,INFANTIL FEMENINA 2ª DIVISION B,GRUP C,8,SAGRAT COR - INFANTIL B,MADRE ALBERTA SNEAKERLOST,3 - 0,25-13/25-7/25-21,,https://www.voleibolib.net/pdf.asp?o=83470.jpeg,jpeg,83470
8058,INFANTIL FEMENINA 2ª DIVISION B,GRUP C,9,SAGRAT COR - INFANTIL B,ACASA ALCÚDIA,0 - 3,21-25/20-25/22-25,,https://www.voleibolib.net/pdf.asp?o=83471.jpg,jpg,83471
8058,INFANTIL FEMENINA 2ª DIVISION B,GRUP C,9,CA N'AMER C.V. CARDASSAR,MAYURQA VOLEY PALMA AABB,1 - 3,18-25/25-23/6-25/24-26,,https://www.voleibolib.net/pdf.asp?o=83474.jpeg,jpeg,83474
8058,INFANTIL FEMENINA 2ª DIVISION B,GRUP C,11,CONSTRUCCIONS ESPORLES 2000 CV VILAFRANCA,CA N'AMER C.V. CARDASSAR,3 - 1,21-25/25-8/25-19/25-10,,https://www.voleibolib.net/pdf.asp?o=83482.jpeg,jpeg,83482
8058,INFANTIL FEMENINA 2ª DIVISION B,GRUP C,12,ACASA ALCÚDIA,CONSTRUCCIONS ESPORLES 2000 CV VILAFRANCA,0 - 3,11-25/13-25/18-25,,https://www.voleibolib.net/pdf.asp?o=83483.jpeg,jpeg,83483
8058,INFANTIL FEMENINA 2ª DIVISION B,GRUP C,13,SAGRAT COR - INFANTIL B,CA N'AMER C.V. CARDASSAR,3 - 0,25-8/25-19/25-13,,https://www.voleibolib.net/pdf.asp?o=83489.jpg,jpg,83489
8058,INFANTIL FEMENINA 2ª DIVISION B,GRUP C,13,MADRE ALBERTA SNEAKERLOST,CONSTRUCCIONS ESPORLES 2000 CV VILAFRANCA,2 - 3,16-25/25-17/25-13/12-25/12-15,,https://www.voleibolib.net/pdf.asp?o=83490.jpg,jpg,83490
8058,INFANTIL FEMENINA 2ª DIVISION B,GRUP C,14,CONSTRUCCIONS ESPORLES 2000 CV VILAFRANCA,SAGRAT COR - INFANTIL B,3 - 2,23-25/25-21/25-7/14-25/15-9,,https://www.voleibolib.net/pdf.asp?o=83492.jpg,jpg,83492
8058,INFANTIL FEMENINA 2ª DIVISION B,GRUP C,14,CA N'AMER C.V. CARDASSAR,VOLEY CIDE PALMA 6X6 FUTURE,1 - 3,17-25/25-22/25-27/13-25,,https://www.voleibolib.net/pdf.asp?o=83493.jpg,jpg,83493
8059,INFANTIL FEMENINA 2ª DIVISION B,GRUP D,2,VOLEY CIDE PALMA RISING,COMPLEX S’ESTACIO ALGAIDA V.C.,3 - 1,25-23/23-25/25-22/26-24,,https://www.voleibolib.net/pdf.asp?o=83502.jpg,jpg,83502
8059,INFANTIL FEMENINA 2ª DIVISION B,GRUP D,3,EAST MALLORCA - CVSS,CONSTRUCCIONS XISCO NADAL CV. PÒRTOL AZUL,3 - 0,25-14/25-17/25-17,,https://www.voleibolib.net/pdf.asp?o=83505.jpg,jpg,83505
8059,INFANTIL FEMENINA 2ª DIVISION B,GRUP D,4,CONSTRUCCIONS XISCO NADAL CV. PÒRTOL AZUL,LAVANDERÍA ARTÀ - CVSS,3 - 1,27-25/16-25/25-23/25-16,,https://www.voleibolib.net/pdf.asp?o=83508.jpeg,jpeg,83508
8059,INFANTIL FEMENINA 2ª DIVISION B,GRUP D,5,RAFAL VELL,CONSTRUCCIONS XISCO NADAL CV. PÒRTOL AZUL,3 - 1,25-11/22-25/25-18/25-21,,https://www.voleibolib.net/pdf.asp?o=83514.jpeg,jpeg,83514
8059,INFANTIL FEMENINA 2ª DIVISION B,GRUP D,6,VOLEY CIDE PALMA RISING,RAFAL VELL,1 - 3,25-27/25-13/14-25/24-26,,https://www.voleibolib.net/pdf.asp?o=83516.jpg,jpg,83516
8059,INFANTIL FEMENINA 2ª DIVISION B,GRUP D,7,LAVANDERÍA ARTÀ - CVSS,CV POLLENÇA BLAU,2 - 3,8-25/25-14/26-24/13-25/8-15,,https://www.voleibolib.net/pdf.asp?o=83520.jpeg,jpeg,83520
8059,INFANTIL FEMENINA 2ª DIVISION B,GRUP D,7,CONSTRUCCIONS XISCO NADAL CV. PÒRTOL AZUL,VOLEY CIDE PALMA RISING,0 - 3,17-25/14-25/27-29,,https://www.voleibolib.net/pdf.asp?o=83522.jpg,jpg,83522
8059,INFANTIL FEMENINA 2ª DIVISION B,GRUP D,8,RAFAL VELL,CV POLLENÇA BLAU,3 - 0,25-8/27-25/25-9,,https://www.voleibolib.net/pdf.asp?o=83525.jpeg,jpeg,83525
8059,INFANTIL FEMENINA 2ª DIVISION B,GRUP D,9,EAST MALLORCA - CVSS,RAFAL VELL,1 - 3,17-25/25-18/21-25/16-25,,https://www.voleibolib.net/pdf.asp?o=83528.jpeg,jpeg,83528
8059,INFANTIL FEMENINA 2ª DIVISION B,GRUP D,9,CONSTRUCCIONS XISCO NADAL CV. PÒRTOL AZUL,CV POLLENÇA BLAU,0 - 3,15-25/24-26/22-25,,https://www.voleibolib.net/pdf.asp?o=83529.jpg,jpg,83529
8059,INFANTIL FEMENINA 2ª DIVISION B,GRUP D,9,COMPLEX S’ESTACIO ALGAIDA V.C.,VOLEY CIDE PALMA RISING,3 - 0,25-16/25-13/25-20,,https://www.voleibolib.net/pdf.asp?o=83530.jpg,jpg,83530
8059,INFANTIL FEMENINA 2ª DIVISION B,GRUP D,10,VOLEY CIDE PALMA RISING,CV POLLENÇA BLAU,3 - 1,25-23/18-25/25-11/25-21,,https://www.voleibolib.net/pdf.asp?o=83532.jpeg,jpeg,83532
8059,INFANTIL FEMENINA 2ª DIVISION B,GRUP D,10,CONSTRUCCIONS XISCO NADAL CV. PÒRTOL AZUL,EAST MALLORCA - CVSS,0 - 3,17-25/9-25/19-25,,https://www.voleibolib.net/pdf.asp?o=83533.jpeg,jpeg,83533
8059,INFANTIL FEMENINA 2ª DIVISION B,GRUP D,10,RAFAL VELL,LAVANDERÍA ARTÀ - CVSS,3 - 0,25-12/25-19/25-14,,https://www.voleibolib.net/pdf.asp?o=83534.jpg,jpg,83534
8059,INFANTIL FEMENINA 2ª DIVISION B,GRUP D,11,LAVANDERÍA ARTÀ - CVSS,CONSTRUCCIONS XISCO NADAL CV. PÒRTOL AZUL,3 - 2,26-24/25-16/11-25/21-25/15-11,,https://www.voleibolib.net/pdf.asp?o=83536.jpg,jpg,83536
8059,INFANTIL FEMENINA 2ª DIVISION B,GRUP D,11,EAST MALLORCA - CVSS,VOLEY CIDE PALMA RISING,3 - 2,16-25/25-16/9-25/25-13/15-12,,https://www.voleibolib.net/pdf.asp?o=83537.jpg,jpg,83537
8059,INFANTIL FEMENINA 2ª DIVISION B,GRUP D,12,CONSTRUCCIONS XISCO NADAL CV. PÒRTOL AZUL,RAFAL VELL,1 - 3,10-25/11-25/25-22/16-25,,https://www.voleibolib.net/pdf.asp?o=83542.jpg,jpg,83542
8059,INFANTIL FEMENINA 2ª DIVISION B,GRUP D,14,CV POLLENÇA BLAU,LAVANDERÍA ARTÀ - CVSS,3 - 2,23-25/25-21/23-25/25-23/15-10,,https://www.voleibolib.net/pdf.asp?o=83548.jpg,jpg,83548
8059,INFANTIL FEMENINA 2ª DIVISION B,GRUP D,14,VOLEY CIDE PALMA RISING,CONSTRUCCIONS XISCO NADAL CV. PÒRTOL AZUL,3 - 0,25-14/25-13/25-13,,https://www.voleibolib.net/pdf.asp?o=83550.jpg,jpg,83550
8106,Infantil Masculina,OR,1,MAYURQA VOLEY PALMA,CAIXA COLONYA CV MANACOR,3 - 0,25-0/25-0/25-0,,https://www.voleibolib.net/pdf.asp?o=84349.jpg,jpg,84349
8106,Infantil Masculina,OR,2,ALCOCEBA I ESTRANY DESPATX D´AVOCATS CV PÓRTOL,VOLEY CIDE PALMA,3 - 0,25-14/25-12/25-18,,https://www.voleibolib.net/pdf.asp?o=84351.jpg,jpg,84351
8106,Infantil Masculina,OR,2,CV SANT JOSEP LILA,MAYURQA VOLEY PALMA,3 - 0,25-5/25-18/25-16,,https://www.voleibolib.net/pdf.asp?o=84352.jpg,jpg,84352
8106,Infantil Masculina,OR,3,ESCOLA VOLEIBOL SANT JOAN VERMELL ALGAIDA CV,CV SANT JOSEP LILA,3 - 0,25-18/25-21/25-20,,https://www.voleibolib.net/pdf.asp?o=84356.jpg,jpg,84356
8106,Infantil Masculina,OR,6,MAYURQA VOLEY PALMA,CV SANT JOSEP LILA,1 - 3,25-16/18-25/12-25/17-25,,https://www.voleibolib.net/pdf.asp?o=84368.jpg,jpg,84368
8106,Infantil Masculina,OR,6,ESPORLES VC,Escola Voleibol Sant Joan Blanc Algaida VC,3 - 0,25-15/25-23/25-21,,https://www.voleibolib.net/pdf.asp?o=84370.jpeg,jpeg,84370
8106,Infantil Masculina,OR,8,ESCOLA VOLEIBOL SANT JOAN VERMELL ALGAIDA CV,ALCOCEBA I ESTRANY DESPATX D´AVOCATS CV PÓRTOL,1 - 3,22-25/25-21/11-25/15-25,,https://www.voleibolib.net/pdf.asp?o=84375.jpg,jpg,84375
8106,Infantil Masculina,OR,8,ESPORLES VC,CV SANT JOSEP LILA,2 - 3,14-25/25-21/17-25/25-21/10-15,,https://www.voleibolib.net/pdf.asp?o=84376.jpeg,jpeg,84376
8105,Infantil Masculina,PLATA,1,XESC FRED I CLIMA CV. PÒRTOL BLANCO,PEP MASCARO CV PORTOL ROJO,1 - 3,9-25/22-25/25-23/14-25,,https://www.voleibolib.net/pdf.asp?o=84293.jpg,jpg,84293
8105,Infantil Masculina,PLATA,2,PEP MASCARO CV PORTOL ROJO,CAIXA COLONYA CV MANACOR,3 - 2,25-9/20-25/23-25/25-14/15-11,,https://www.voleibolib.net/pdf.asp?o=84297.jpg,jpg,84297
8105,Infantil Masculina,PLATA,3,ALARÓ VÒLEI NIU OBRES,XESC FRED I CLIMA CV. PÒRTOL BLANCO,2 - 3,25-21/27-25/16-25/17-25/5-15,,https://www.voleibolib.net/pdf.asp?o=84300.jpg,jpg,84300
8105,Infantil Masculina,PLATA,4,PEP MASCARO CV PORTOL ROJO,ES POLI BAR ARTÀ,3 - 0,25-0/25-0/25-0,,https://www.voleibolib.net/pdf.asp?o=84303.jpg,jpg,84303
8105,Infantil Masculina,PLATA,5,ALARÓ VÒLEI NIU OBRES,PEP MASCARO CV PORTOL ROJO,0 - 3,25-27/9-25/11-25,,https://www.voleibolib.net/pdf.asp?o=84305.jpeg,jpeg,84305
8105,Infantil Masculina,PLATA,6,ES POLI BAR ARTÀ,FERRO CORTEN BALEAR Cv PORTO CRISTO,0 - 3,11-25/5-25/9-25,,https://www.voleibolib.net/pdf.asp?o=84309.jpg,jpg,84309
8105,Infantil Masculina,PLATA,8,PEP MASCARO CV PORTOL ROJO,FERRO CORTEN BALEAR Cv PORTO CRISTO,2 - 3,10-25/25-23/18-25/25-15/8-15,,https://www.voleibolib.net/pdf.asp?o=84314.jpg,jpg,84314
8105,Infantil Masculina,PLATA,8,XESC FRED I CLIMA CV. PÒRTOL BLANCO,ALARÓ VÒLEI NIU OBRES,0 - 3,22-25/16-25/22-25,,https://www.voleibolib.net/pdf.asp?o=84315.jpg,jpg,84315
8105,Infantil Masculina,PLATA,9,ALARÓ VÒLEI NIU OBRES,FERRO CORTEN BALEAR Cv PORTO CRISTO,0 - 3,15-25/20-25/12-25,,https://www.voleibolib.net/pdf.asp?o=84317.jpg,jpg,84317
8105,Infantil Masculina,PLATA,10,PEP MASCARO CV PORTOL ROJO,ALARÓ VÒLEI NIU OBRES,3 - 0,25-9/25-22/25-21,,https://www.voleibolib.net/pdf.asp?o=84320.jpg,jpg,84320
7944,INFANTIL FEMENINA 1ª DIVISION,Liga Regular,1,CARTONAJES GUILLANA ESPORLES VC,TECNOAUTO CV MANACOR,3 - 0,25-14/25-23/25-14,,https://www.voleibolib.net/pdf.asp?o=1760196137_5808.pdf,otro,
7944,INFANTIL FEMENINA 1ª DIVISION,Liga Regular,1,MADRE ALBERTA RIPOLL SEGUROS,CV SANT JOSEP GROC,3 - 2,25-19/23-25/25-21/20-25/16-14,,https://www.voleibolib.net/pdf.asp?o=78060.jpg,jpg,78060
7944,INFANTIL FEMENINA 1ª DIVISION,Liga Regular,2,JMJ CONSTRUCCIONS ALGAIDA V.C.,MADRE ALBERTA RIPOLL SEGUROS,3 - 0,25-15/25-14/25-17,,https://www.voleibolib.net/pdf.asp?o=78064.jpeg,jpeg,78064
7944,INFANTIL FEMENINA 1ª DIVISION,Liga Regular,2,AMIGOS DE BRASIL MAYURQA VOLEY PALMA,INSTALACIONES ELECTRICAS J. RAYO CV PÒRTOL NEGRO,1 - 3,25-17/11-25/15-25/21-25,,https://www.voleibolib.net/pdf.asp?o=78067.jpg,jpg,78067
7944,INFANTIL FEMENINA 1ª DIVISION,Liga Regular,4,CV SANT JOSEP GROC,SONNENKLAR ENRGIE MAYURQA VOLEY PALMA,1 - 3,9-25/25-21/18-25/11-25,,https://www.voleibolib.net/pdf.asp?o=78074.png,png,78074
7944,INFANTIL FEMENINA 1ª DIVISION,Liga Regular,4,TIRME CVBUNYOLA,MADRE ALBERTA RIPOLL SEGUROS,3 - 0,25-20/25-23/25-16,,https://www.voleibolib.net/pdf.asp?o=78077.jpeg,jpeg,78077
7944,INFANTIL FEMENINA 1ª DIVISION,Liga Regular,5,MADRE ALBERTA RIPOLL SEGUROS,AMIGOS DE BRASIL MAYURQA VOLEY PALMA,1 - 3,28-26/22-25/17-25/19-25,,https://www.voleibolib.net/pdf.asp?o=78082.jpg,jpg,78082
7944,INFANTIL FEMENINA 1ª DIVISION,Liga Regular,6,CARTONAJES GUILLANA ESPORLES VC,SHINEMARE CIDE PALMA,2 - 3,19-25/22-25/25-13/25-7/11-15,,https://www.voleibolib.net/pdf.asp?o=78091.jpeg,jpeg,78091
7944,INFANTIL FEMENINA 1ª DIVISION,Liga Regular,8,TECNOAUTO CV MANACOR,SONNENKLAR ENRGIE MAYURQA VOLEY PALMA,3 - 2,18-25/25-21/25-21/21-25/15-13,,https://www.voleibolib.net/pdf.asp?o=78098.jpg,jpg,78098
7944,INFANTIL FEMENINA 1ª DIVISION,Liga Regular,8,SHINEMARE CIDE PALMA,MADRE ALBERTA RIPOLL SEGUROS,3 - 0,25-12/25-13/25-18,,https://www.voleibolib.net/pdf.asp?o=78103.jpeg,jpeg,78103
7944,INFANTIL FEMENINA 1ª DIVISION,Liga Regular,9,SONNENKLAR ENRGIE MAYURQA VOLEY PALMA,MADRE ALBERTA RIPOLL SEGUROS,3 - 0,25-20/25-20/25-15,,https://www.voleibolib.net/pdf.asp?o=78104.jpg,jpg,78104
7944,INFANTIL FEMENINA 1ª DIVISION,Liga Regular,15,CARTONAJES GUILLANA ESPORLES VC,INSTALACIONES ELECTRICAS J. RAYO CV PÒRTOL NEGRO,1 - 3,18-25/25-19/22-25/9-25,,https://www.voleibolib.net/pdf.asp?o=78145.jpg,jpg,78145
7944,INFANTIL FEMENINA 1ª DIVISION,Liga Regular,17,CV SANT JOSEP GROC,TECNOAUTO CV MANACOR,3 - 1,25-20/25-21/15-25/25-22,,https://www.voleibolib.net/pdf.asp?o=78153.jpg,jpg,78153
7944,INFANTIL FEMENINA 1ª DIVISION,Liga Regular,17,SOLARTA,AMIGOS DE BRASIL MAYURQA VOLEY PALMA,3 - 0,25-13/26-24/25-18,,https://www.voleibolib.net/pdf.asp?o=78155.jpg,jpg,78155
7944,INFANTIL FEMENINA 1ª DIVISION,Liga Regular,17,MADRE ALBERTA RIPOLL SEGUROS,INSTALACIONES ELECTRICAS J. RAYO CV PÒRTOL NEGRO,0 - 3,27-29/19-25/12-25,,https://www.voleibolib.net/pdf.asp?o=78156.jpg,jpg,78156
7944,INFANTIL FEMENINA 1ª DIVISION,Liga Regular,19,SOLARTA,CARTONAJES GUILLANA ESPORLES VC,3 - 1,25-17/13-25/25-23/25-13,,https://www.voleibolib.net/pdf.asp?o=78168.jpg,jpg,78168
7944,INFANTIL FEMENINA 1ª DIVISION,Liga Regular,19,MADRE ALBERTA RIPOLL SEGUROS,SHINEMARE CIDE PALMA,1 - 3,20-25/18-25/25-20/7-25,,https://www.voleibolib.net/pdf.asp?o=78169.jpg,jpg,78169
7944,INFANTIL FEMENINA 1ª DIVISION,Liga Regular,21,TECNOAUTO CV MANACOR,AMIGOS DE BRASIL MAYURQA VOLEY PALMA,3 - 1,23-25/25-15/25-12/25-17,,https://www.voleibolib.net/pdf.asp?o=78177.jpg,jpg,78177
7944,INFANTIL FEMENINA 1ª DIVISION,Liga Regular,21,CV SANT JOSEP GROC,CARTONAJES GUILLANA ESPORLES VC,2 - 3,25-23/11-25/25-22/15-25/10-15,,https://www.voleibolib.net/pdf.asp?o=78179.jpg,jpg,78179
7944,INFANTIL FEMENINA 1ª DIVISION,Liga Regular,21,CVS FUSTES CAN VAQUER SOLLER,SHINEMARE CIDE PALMA,3 - 0,25-23/25-16/25-10,,https://www.voleibolib.net/pdf.asp?o=78180.jpeg,jpeg,78180
7944,INFANTIL FEMENINA 1ª DIVISION,Liga Regular,21,SOLARTA,MADRE ALBERTA RIPOLL SEGUROS,3 - 0,25-14/25-21/25-21,,https://www.voleibolib.net/pdf.asp?o=78181.jpg,jpg,78181
7959,INFANTIL FEMENINA 2ª DIVISION,Liga Regular,1,LORACAR CV SON FERRER,GRUES CAIMARI VOLEI MURO,3 - 1,25-17/15-25/25-12/25-21,,https://www.voleibolib.net/pdf.asp?o=78996.jpeg,jpeg,78996
7959,INFANTIL FEMENINA 2ª DIVISION,Liga Regular,3,LORACAR CV SON FERRER,CAFE DEL PARQUE CV PÓRTOL ROJO,1 - 3,25-27/25-16/15-25/22-25,,https://www.voleibolib.net/pdf.asp?o=79008.jpg,jpg,79008
7959,INFANTIL FEMENINA 2ª DIVISION,Liga Regular,3,MADRE ALBERTA IMPRESRAPIT,GRUES CAIMARI VOLEI MURO,2 - 3,25-17/16-25/25-19/23-25/6-15,,https://www.voleibolib.net/pdf.asp?o=79009.jpg,jpg,79009
7959,INFANTIL FEMENINA 2ª DIVISION,Liga Regular,3,VOLEY CIDE PALMA 6X6 PROMISES,CVS AQUALIA SOLLER,2 - 3,16-25/25-23/20-25/25-15/11-15,,https://www.voleibolib.net/pdf.asp?o=79012.jpg,jpg,79012
7959,INFANTIL FEMENINA 2ª DIVISION,Liga Regular,4,CE SAGRAT COR A,LORACAR CV SON FERRER,3 - 1,25-17/23-25/25-23/25-19,,https://www.voleibolib.net/pdf.asp?o=79014.jpg,jpg,79014
7959,INFANTIL FEMENINA 2ª DIVISION,Liga Regular,4,ELÈCTRICA SANSÓ ARTÀ,PINTURAS PINTEX PORTO CRISTO,3 - 0,25-15/25-12/25-15,,https://www.voleibolib.net/pdf.asp?o=79017.jpeg,jpeg,79017
7959,INFANTIL FEMENINA 2ª DIVISION,Liga Regular,5,LORACAR CV SON FERRER,MADRE ALBERTA IMPRESRAPIT,3 - 0,25-14/25-19/25-21,,https://www.voleibolib.net/pdf.asp?o=79020.jpeg,jpeg,79020
7959,INFANTIL FEMENINA 2ª DIVISION,Liga Regular,5,MAYURQA VOLEY PALMA VIAJES FLY TICKET,CAFE DEL PARQUE CV PÓRTOL ROJO,1 - 3,13-25/25-19/12-25/20-25,,https://www.voleibolib.net/pdf.asp?o=79021.jpg,jpg,79021
7959,INFANTIL FEMENINA 2ª DIVISION,Liga Regular,5,PINTURAS PINTEX PORTO CRISTO,GRUES CAIMARI VOLEI MURO,1 - 3,14-25/14-25/25-13/21-25,,https://www.voleibolib.net/pdf.asp?o=79022.jpg,jpg,79022
7959,INFANTIL FEMENINA 2ª DIVISION,Liga Regular,5,CE SAGRAT COR A,CVS AQUALIA SOLLER,1 - 3,8-25/25-16/19-25/15-25,,https://www.voleibolib.net/pdf.asp?o=79025.jpg,jpg,79025
7959,INFANTIL FEMENINA 2ª DIVISION,Liga Regular,7,CE SAGRAT COR A,ELÈCTRICA SANSÓ ARTÀ,0 - 3,15-25/19-25/22-25,,https://www.voleibolib.net/pdf.asp?o=79036.jpg,jpg,79036
7959,INFANTIL FEMENINA 2ª DIVISION,Liga Regular,8,CAFE DEL PARQUE CV PÓRTOL ROJO,ALARÓ VÒLEI CA SA SOLLERICA,0 - 3,18-25/19-25/14-25,,https://www.voleibolib.net/pdf.asp?o=79041.jpeg,jpeg,79041
7959,INFANTIL FEMENINA 2ª DIVISION,Liga Regular,8,MADRE ALBERTA IMPRESRAPIT,VOLEY CIDE PALMA 6X6 PROMISES,1 - 3,25-12/16-25/23-25/8-25,,https://www.voleibolib.net/pdf.asp?o=79042.jpg,jpg,79042
7959,INFANTIL FEMENINA 2ª DIVISION,Liga Regular,9,LORACAR CV SON FERRER,PINTURAS PINTEX PORTO CRISTO,3 - 0,25-14/25-12/25-11,,https://www.voleibolib.net/pdf.asp?o=79044.jpg,jpg,79044
7959,INFANTIL FEMENINA 2ª DIVISION,Liga Regular,9,CE SAGRAT COR A,CAFE DEL PARQUE CV PÓRTOL ROJO,3 - 0,25-15/25-19/25-16,,https://www.voleibolib.net/pdf.asp?o=79047.jpg,jpg,79047
7959,INFANTIL FEMENINA 2ª DIVISION,Liga Regular,9,CVS AQUALIA SOLLER,GRUES CAIMARI VOLEI MURO,3 - 0,25-9/25-13/25-14,,https://www.voleibolib.net/pdf.asp?o=79048.jpg,jpg,79048
7959,INFANTIL FEMENINA 2ª DIVISION,Liga Regular,9,DINASOFT ALGAIDA V.C.,ELÈCTRICA SANSÓ ARTÀ,3 - 1,25-3/25-19/21-25/25-11,,https://www.voleibolib.net/pdf.asp?o=79049.jpg,jpg,79049
7959,INFANTIL FEMENINA 2ª DIVISION,Liga Regular,10,LORACAR CV SON FERRER,ELÈCTRICA SANSÓ ARTÀ,3 - 1,25-20/23-25/25-12/25-23,,https://www.voleibolib.net/pdf.asp?o=79050.jpg,jpg,79050
7959,INFANTIL FEMENINA 2ª DIVISION,Liga Regular,10,MADRE ALBERTA IMPRESRAPIT,CE SAGRAT COR A,1 - 3,25-16/11-25/14-25/23-25,,https://www.voleibolib.net/pdf.asp?o=79053.jpg,jpg,79053
7959,INFANTIL FEMENINA 2ª DIVISION,Liga Regular,10,PINTURAS PINTEX PORTO CRISTO,VOLEY CIDE PALMA 6X6 PROMISES,0 - 3,16-25/12-25/14-25,,https://www.voleibolib.net/pdf.asp?o=79055.jpeg,jpeg,79055
7959,INFANTIL FEMENINA 2ª DIVISION,Liga Regular,11,CE SAGRAT COR A,MAYURQA VOLEY PALMA VIAJES FLY TICKET,3 - 1,25-22/23-25/25-11/25-23,,https://www.voleibolib.net/pdf.asp?o=79058.jpeg,jpeg,79058
7959,INFANTIL FEMENINA 2ª DIVISION,Liga Regular,11,ELÈCTRICA SANSÓ ARTÀ,GRUES CAIMARI VOLEI MURO,1 - 3,14-25/25-21/22-25/11-25,,https://www.voleibolib.net/pdf.asp?o=79061.jpg,jpg,79061
7959,INFANTIL FEMENINA 2ª DIVISION,Liga Regular,12,GRUES CAIMARI VOLEI MURO,LORACAR CV SON FERRER,0 - 3,11-25/21-25/22-25,,https://www.voleibolib.net/pdf.asp?o=79062.jpg,jpg,79062
7959,INFANTIL FEMENINA 2ª DIVISION,Liga Regular,12,CE SAGRAT COR A,PINTURAS PINTEX PORTO CRISTO,3 - 0,25-20/25-3/25-3,,https://www.voleibolib.net/pdf.asp?o=79066.jpg,jpg,79066
7959,INFANTIL FEMENINA 2ª DIVISION,Liga Regular,13,LORACAR CV SON FERRER,ALARÓ VÒLEI CA SA SOLLERICA,0 - 3,20-25/23-25/23-25,,https://www.voleibolib.net/pdf.asp?o=79068.jpg,jpg,79068
7959,INFANTIL FEMENINA 2ª DIVISION,Liga Regular,13,MAYURQA VOLEY PALMA VIAJES FLY TICKET,DINASOFT ALGAIDA V.C.,1 - 3,14-25/25-21/8-25/21-25,,https://www.voleibolib.net/pdf.asp?o=79071.jpg,jpg,79071
7959,INFANTIL FEMENINA 2ª DIVISION,Liga Regular,13,CAFE DEL PARQUE CV PÓRTOL ROJO,GRUES CAIMARI VOLEI MURO,3 - 1,25-17/25-15/23-25/27-25,,https://www.voleibolib.net/pdf.asp?o=79073.jpg,jpg,79073
7959,INFANTIL FEMENINA 2ª DIVISION,Liga Regular,14,GRUES CAIMARI VOLEI MURO,MADRE ALBERTA IMPRESRAPIT,0 - 3,22-25/22-25/22-25,,https://www.voleibolib.net/pdf.asp?o=79075.jpeg,jpeg,79075
7959,INFANTIL FEMENINA 2ª DIVISION,Liga Regular,14,DINASOFT ALGAIDA V.C.,PINTURAS PINTEX PORTO CRISTO,3 - 0,25-11/25-5/25-23,,https://www.voleibolib.net/pdf.asp?o=79077.jpg,jpg,79077
7959,INFANTIL FEMENINA 2ª DIVISION,Liga Regular,14,CE SAGRAT COR A,ALARÓ VÒLEI CA SA SOLLERICA,0 - 3,25-27/24-26/23-25,,https://www.voleibolib.net/pdf.asp?o=79079.jpg,jpg,79079
7959,INFANTIL FEMENINA 2ª DIVISION,Liga Regular,15,ALARÓ VÒLEI CA SA SOLLERICA,CVS AQUALIA SOLLER,3 - 1,25-19/19-25/25-18/25-19,,https://www.voleibolib.net/pdf.asp?o=79081.jpg,jpg,79081
7959,INFANTIL FEMENINA 2ª DIVISION,Liga Regular,15,MADRE ALBERTA IMPRESRAPIT,CAFE DEL PARQUE CV PÓRTOL ROJO,1 - 3,23-25/20-25/28-26/17-25,,https://www.voleibolib.net/pdf.asp?o=79085.jpg,jpg,79085
7959,INFANTIL FEMENINA 2ª DIVISION,Liga Regular,16,CAFE DEL PARQUE CV PÓRTOL ROJO,MAYURQA VOLEY PALMA VIAJES FLY TICKET,3 - 1,25-12/25-14/11-25/25-15,,https://www.voleibolib.net/pdf.asp?o=79087.jpg,jpg,79087
7959,INFANTIL FEMENINA 2ª DIVISION,Liga Regular,16,ELÈCTRICA SANSÓ ARTÀ,VOLEY CIDE PALMA 6X6 PROMISES,1 - 3,15-25/25-8/23-25/9-25,,https://www.voleibolib.net/pdf.asp?o=79089.jpg,jpg,79089
7959,INFANTIL FEMENINA 2ª DIVISION,Liga Regular,17,CE SAGRAT COR A,DINASOFT ALGAIDA V.C.,0 - 3,10-25/19-25/25-26,,https://www.voleibolib.net/pdf.asp?o=79093.jpg,jpg,79093
7959,INFANTIL FEMENINA 2ª DIVISION,Liga Regular,17,VOLEY CIDE PALMA 6X6 PROMISES,GRUES CAIMARI VOLEI MURO,3 - 1,25-19/25-15/19-25/25-23,,https://www.voleibolib.net/pdf.asp?o=79095.jpeg,jpeg,79095
7959,INFANTIL FEMENINA 2ª DIVISION,Liga Regular,18,MAYURQA VOLEY PALMA VIAJES FLY TICKET,LORACAR CV SON FERRER,0 - 3,10-25/7-25/18-25,,https://www.voleibolib.net/pdf.asp?o=79098.jpg,jpg,79098
7959,INFANTIL FEMENINA 2ª DIVISION,Liga Regular,18,MADRE ALBERTA IMPRESRAPIT,PINTURAS PINTEX PORTO CRISTO,2 - 3,21-25/25-10/27-25/23-25/13-15,,https://www.voleibolib.net/pdf.asp?o=79099.jpg,jpg,79099
7959,INFANTIL FEMENINA 2ª DIVISION,Liga Regular,18,ELÈCTRICA SANSÓ ARTÀ,CE SAGRAT COR A,1 - 3,18-25/14-25/25-23/17-25,,https://www.voleibolib.net/pdf.asp?o=79102.jpeg,jpeg,79102
7959,INFANTIL FEMENINA 2ª DIVISION,Liga Regular,19,LORACAR CV SON FERRER,DINASOFT ALGAIDA V.C.,3 - 1,25-14/25-8/17-25/25-23,,https://www.voleibolib.net/pdf.asp?o=79104.jpg,jpg,79104
7959,INFANTIL FEMENINA 2ª DIVISION,Liga Regular,19,CE SAGRAT COR A,GRUES CAIMARI VOLEI MURO,3 - 0,25-23/25-17/25-21,,https://www.voleibolib.net/pdf.asp?o=79106.jpg,jpg,79106
7959,INFANTIL FEMENINA 2ª DIVISION,Liga Regular,19,VOLEY CIDE PALMA 6X6 PROMISES,MADRE ALBERTA IMPRESRAPIT,3 - 0,25-20/25-19/25-17,,https://www.voleibolib.net/pdf.asp?o=79108.jpeg,jpeg,79108
7959,INFANTIL FEMENINA 2ª DIVISION,Liga Regular,19,PINTURAS PINTEX PORTO CRISTO,MAYURQA VOLEY PALMA VIAJES FLY TICKET,3 - 0,25-19/25-22/25-11,,https://www.voleibolib.net/pdf.asp?o=79109.jpg,jpg,79109
7959,INFANTIL FEMENINA 2ª DIVISION,Liga Regular,20,PINTURAS PINTEX PORTO CRISTO,LORACAR CV SON FERRER,2 - 3,25-19/13-25/25-19/17-25/11-15,,https://www.voleibolib.net/pdf.asp?o=79110.jpg,jpg,79110
7959,INFANTIL FEMENINA 2ª DIVISION,Liga Regular,20,MAYURQA VOLEY PALMA VIAJES FLY TICKET,VOLEY CIDE PALMA 6X6 PROMISES,0 - 3,17-25/14-25/11-25,,https://www.voleibolib.net/pdf.asp?o=79111.jpg,jpg,79111
7959,INFANTIL FEMENINA 2ª DIVISION,Liga Regular,20,MADRE ALBERTA IMPRESRAPIT,ALARÓ VÒLEI CA SA SOLLERICA,1 - 3,21-25/25-18/20-25/21-25,,https://www.voleibolib.net/pdf.asp?o=79112.jpg,jpg,79112
7959,INFANTIL FEMENINA 2ª DIVISION,Liga Regular,20,CAFE DEL PARQUE CV PÓRTOL ROJO,CE SAGRAT COR A,3 - 2,25-23/20-25/25-16/20-25/15-11,,https://www.voleibolib.net/pdf.asp?o=79113.jpg,jpg,79113
7959,INFANTIL FEMENINA 2ª DIVISION,Liga Regular,21,CVS AQUALIA SOLLER,CAFE DEL PARQUE CV PÓRTOL ROJO,3 - 0,25-16/25-13/25-11,,https://www.voleibolib.net/pdf.asp?o=79118.jpg,jpg,79118
7959,INFANTIL FEMENINA 2ª DIVISION,Liga Regular,22,LORACAR CV SON FERRER,VOLEY CIDE PALMA 6X6 PROMISES,1 - 3,14-25/25-17/13-25/23-25,,https://www.voleibolib.net/pdf.asp?o=79122.jpeg,jpeg,79122
7959,INFANTIL FEMENINA 2ª DIVISION,Liga Regular,22,MADRE ALBERTA IMPRESRAPIT,CVS AQUALIA SOLLER,1 - 3,12-25/25-23/17-25/8-25,,https://www.voleibolib.net/pdf.asp?o=79125.jpeg,jpeg,79125
7988,INFANTIL FEMENINA 3ª DIVISION,GRUP A,2,MADRE ALBERTA SNEAKERLOST,ENTRECULTURAS MONTESION INFANTIL VERMELL,2 - 3,25-22/25-11/20-25/17-25/8-15,,https://www.voleibolib.net/pdf.asp?o=1761502390_6628.pdf,otro,
7988,INFANTIL FEMENINA 3ª DIVISION,GRUP A,3,ALARÓ VÒLEI AO ESTILISTAS,TRANSILLES CV PORTOL BLANCO,0 - 3,6-25/12-25/12-25,,https://www.voleibolib.net/pdf.asp?o=80863.jpeg,jpeg,80863
7988,INFANTIL FEMENINA 3ª DIVISION,GRUP A,3,ENTRECULTURAS MONTESION INFANTIL VERMELL,SAN CAYETANO AZUL,3 - 0,25-10/25-18/25-22,,https://www.voleibolib.net/pdf.asp?o=80864.jpeg,jpeg,80864
7988,INFANTIL FEMENINA 3ª DIVISION,GRUP A,5,MADRE ALBERTA SNEAKERLOST,SAN CAYETANO AZUL,3 - 0,27-25/25-23/25-14,,https://www.voleibolib.net/pdf.asp?o=80871.jpg,jpg,80871
7988,INFANTIL FEMENINA 3ª DIVISION,GRUP A,7,ALARÓ VÒLEI AO ESTILISTAS,SAN CAYETANO AZUL,2 - 3,25-17/19-25/15-25/25-18/5-15,,https://www.voleibolib.net/pdf.asp?o=80875.jpg,jpg,80875
7988,INFANTIL FEMENINA 3ª DIVISION,GRUP A,7,ENTRECULTURAS MONTESION INFANTIL VERMELL,MADRE ALBERTA SNEAKERLOST,3 - 1,22-25/25-19/25-13/25-17,,https://www.voleibolib.net/pdf.asp?o=80877.jpeg,jpeg,80877
7988,INFANTIL FEMENINA 3ª DIVISION,GRUP A,8,SAN CAYETANO AZUL,ENTRECULTURAS MONTESION INFANTIL VERMELL,2 - 3,15-25/25-9/20-25/25-14/13-15,,https://www.voleibolib.net/pdf.asp?o=80879.jpeg,jpeg,80879
7988,INFANTIL FEMENINA 3ª DIVISION,GRUP A,9,MADRE ALBERTA SNEAKERLOST,TRANSILLES CV PORTOL BLANCO,0 - 3,16-25/17-25/14-25,,https://www.voleibolib.net/pdf.asp?o=80882.jpeg,jpeg,80882
7994,INFANTIL FEMENINA 3ª DIVISION,GRUP B,1,MIJUPE CV MANACOR,CONSTRUCCIONS ESPORLES CV VILAFRANCA,1 - 3,22-25/22-25/25-14/10-25,,https://www.voleibolib.net/pdf.asp?o=81038.jpg,jpg,81038
7994,INFANTIL FEMENINA 3ª DIVISION,GRUP B,2,CA N'AMER C.V. CARDASSAR,MIJUPE CV MANACOR,3 - 0,25-8/25-9/25-16,,https://www.voleibolib.net/pdf.asp?o=1761392849_2605.pdf,otro,
7994,INFANTIL FEMENINA 3ª DIVISION,GRUP B,5,CONSTRUCCIONS ESPORLES CV VILAFRANCA,CA N'AMER C.V. CARDASSAR,0 - 3,13-25/16-25/13-25,,https://www.voleibolib.net/pdf.asp?o=81051.jpg,jpg,81051
7994,INFANTIL FEMENINA 3ª DIVISION,GRUP B,7,MIJUPE CV MANACOR,CA N'AMER C.V. CARDASSAR,0 - 3,9-25/13-25/11-25,,https://www.voleibolib.net/pdf.asp?o=81055.jpg,jpg,81055
7994,INFANTIL FEMENINA 3ª DIVISION,GRUP B,7,JB VOLEI PETRA,CONSTRUCCIONS ESPORLES CV VILAFRANCA,3 - 0,25-21/25-12/25-13,,https://www.voleibolib.net/pdf.asp?o=81057.jpg,jpg,81057
7994,INFANTIL FEMENINA 3ª DIVISION,GRUP B,10,CA N'AMER C.V. CARDASSAR,CONSTRUCCIONS ESPORLES CV VILAFRANCA,3 - 0,25-17/25-22/25-14,,https://www.voleibolib.net/pdf.asp?o=81066.jpg,jpg,81066
7990,INFANTIL FEMENINA 3ª DIVISION,GRUP C,1,ACASA ALCÚDIA,CV POLLENÇA BLAU,3 - 1,22-25/25-17/28-26/25-19,,https://www.voleibolib.net/pdf.asp?o=80949.jpg,jpg,80949
7990,INFANTIL FEMENINA 3ª DIVISION,GRUP C,4,FORMETA - UE LLOSETINA VÒLEI,ACASA ALCÚDIA,0 - 3,9-25/12-25/9-25,,https://www.voleibolib.net/pdf.asp?o=80956.jpg,jpg,80956
7990,INFANTIL FEMENINA 3ª DIVISION,GRUP C,10,ALARÓ VÒLEI S&#39;EMPITADO,9FUTUR VOLEI MURO,3 - 0,25-20/25-18/25-21,,https://www.voleibolib.net/pdf.asp?o=80976.jpg,jpg,80976
7991,INFANTIL FEMENINA 3ª DIVISION,GRUP D,1,CONSTRUCCIONS ESPORLES 2000 CV VILAFRANCA,CLUB VOLEIBOL SON SERVERA - AZUL,3 - 0,25-6/25-12/25-7,,https://www.voleibolib.net/pdf.asp?o=80978.jpg,jpg,80978
7991,INFANTIL FEMENINA 3ª DIVISION,GRUP D,2,CLUB VOLEI FELANITX,CONSTRUCCIONS ESPORLES 2000 CV VILAFRANCA,0 - 3,0-25/0-25/0-25,,https://www.voleibolib.net/pdf.asp?o=80980.jpeg,jpeg,80980
7991,INFANTIL FEMENINA 3ª DIVISION,GRUP D,3,CAMPOS INFANTIL FEMENÍ,CLUB VOLEI FELANITX,0 - 3,8-25/20-25/20-25,,https://www.voleibolib.net/pdf.asp?o=80984.jpg,jpg,80984
7991,INFANTIL FEMENINA 3ª DIVISION,GRUP D,5,COMPLEX S’ESTACIO ALGAIDA V.C.,CONSTRUCCIONS ESPORLES 2000 CV VILAFRANCA,2 - 3,25-21/25-23/13-25/22-25/13-15,,https://www.voleibolib.net/pdf.asp?o=80990.jpg,jpg,80990
7991,INFANTIL FEMENINA 3ª DIVISION,GRUP D,6,COMPLEX S’ESTACIO ALGAIDA V.C.,CAMPOS INFANTIL FEMENÍ,3 - 0,25-14/25-10/25-13,,https://www.voleibolib.net/pdf.asp?o=80994.jpg,jpg,80994
7991,INFANTIL FEMENINA 3ª DIVISION,GRUP D,7,CAMPOS INFANTIL FEMENÍ,CLUB VOLEIBOL SON SERVERA - AZUL,3 - 0,25-17/25-17/25-11,,https://www.voleibolib.net/pdf.asp?o=80997.jpg,jpg,80997
7991,INFANTIL FEMENINA 3ª DIVISION,GRUP D,9,CAMPOS INFANTIL FEMENÍ,CONSTRUCCIONS ESPORLES 2000 CV VILAFRANCA,0 - 3,10-25/11-25/19-25,,https://www.voleibolib.net/pdf.asp?o=81001.jpg,jpg,81001
7991,INFANTIL FEMENINA 3ª DIVISION,GRUP D,9,COMPLEX S’ESTACIO ALGAIDA V.C.,CLUB VOLEI FELANITX,3 - 1,17-25/25-19/25-14/25-23,,https://www.voleibolib.net/pdf.asp?o=81003.jpg,jpg,81003
7991,INFANTIL FEMENINA 3ª DIVISION,GRUP D,10,CONSTRUCCIONS ESPORLES 2000 CV VILAFRANCA,COMPLEX S’ESTACIO ALGAIDA V.C.,0 - 3,17-25/18-25/16-25,,https://www.voleibolib.net/pdf.asp?o=81005.jpeg,jpeg,81005
7991,INFANTIL FEMENINA 3ª DIVISION,GRUP D,10,CLUB VOLEI FELANITX,CLUB VOLEIBOL SON SERVERA - AZUL,3 - 1,25-14/24-26/25-15/25-15,,https://www.voleibolib.net/pdf.asp?o=81006.jpeg,jpeg,81006
7989,INFANTIL FEMENINA 3ª DIVISION,GRUP E,1,VOLEY CIDE PALMA FUTURE,CV BUNYOLA,3 - 0,25-15/25-12/25-15,,https://www.voleibolib.net/pdf.asp?o=80919.jpeg,jpeg,80919
7989,INFANTIL FEMENINA 3ª DIVISION,GRUP E,2,MADRE ALBERTA MIX HOTELS,CVS PINTURES M. ESTEVA SOLLER,3 - 2,21-25/23-25/25-19/25-22/17-15,,https://www.voleibolib.net/pdf.asp?o=1761331515_4573.pdf,otro,
7989,INFANTIL FEMENINA 3ª DIVISION,GRUP E,3,CVS PINTURES M. ESTEVA SOLLER,SAGRAT COR - INFANTIL B,0 - 3,8-25/18-25/16-25,,https://www.voleibolib.net/pdf.asp?o=80893.jpg,jpg,80893
7989,INFANTIL FEMENINA 3ª DIVISION,GRUP E,3,VOLEY CIDE PALMA FUTURE,MADRE ALBERTA MIX HOTELS,3 - 0,25-4/25-7/25-8,,https://www.voleibolib.net/pdf.asp?o=80894.jpeg,jpeg,80894
7989,INFANTIL FEMENINA 3ª DIVISION,GRUP E,3,CV BUNYOLA,ENTRECULTURAS MONTESIÓN BLANC,0 - 3,3-25/16-25/6-25,,https://www.voleibolib.net/pdf.asp?o=80895.jpg,jpg,80895
7989,INFANTIL FEMENINA 3ª DIVISION,GRUP E,4,SAGRAT COR - INFANTIL B,ENTRECULTURAS MONTESIÓN BLANC,1 - 3,18-25/25-23/17-25/13-25,,https://www.voleibolib.net/pdf.asp?o=80897.jpeg,jpeg,80897
7989,INFANTIL FEMENINA 3ª DIVISION,GRUP E,4,MADRE ALBERTA MIX HOTELS,CV BUNYOLA,3 - 2,15-25/25-22/22-25/25-14/15-6,,https://www.voleibolib.net/pdf.asp?o=80898.jpeg,jpeg,80898
7989,INFANTIL FEMENINA 3ª DIVISION,GRUP E,5,VOLEY CIDE PALMA FUTURE,SAGRAT COR - INFANTIL B,3 - 0,25-20/25-20/28-26,,https://www.voleibolib.net/pdf.asp?o=80899.jpg,jpg,80899
7989,INFANTIL FEMENINA 3ª DIVISION,GRUP E,5,CV BUNYOLA,CVS PINTURES M. ESTEVA SOLLER,0 - 3,13-25/30-32/13-25,,https://www.voleibolib.net/pdf.asp?o=80900.jpg,jpg,80900
7989,INFANTIL FEMENINA 3ª DIVISION,GRUP E,5,ENTRECULTURAS MONTESIÓN BLANC,MADRE ALBERTA MIX HOTELS,3 - 0,25-7/25-8/25-13,,https://www.voleibolib.net/pdf.asp?o=80901.jpg,jpg,80901
7989,INFANTIL FEMENINA 3ª DIVISION,GRUP E,6,SAGRAT COR - INFANTIL B,MADRE ALBERTA MIX HOTELS,3 - 0,25-11/25-22/25-19,,https://www.voleibolib.net/pdf.asp?o=80902.jpg,jpg,80902
7989,INFANTIL FEMENINA 3ª DIVISION,GRUP E,6,ENTRECULTURAS MONTESIÓN BLANC,CVS PINTURES M. ESTEVA SOLLER,3 - 0,25-18/25-22/25-20,,https://www.voleibolib.net/pdf.asp?o=80903.jpeg,jpeg,80903
7989,INFANTIL FEMENINA 3ª DIVISION,GRUP E,7,CV BUNYOLA,SAGRAT COR - INFANTIL B,0 - 3,6-25/14-25/19-25,,https://www.voleibolib.net/pdf.asp?o=80906.jpg,jpg,80906
7989,INFANTIL FEMENINA 3ª DIVISION,GRUP E,8,SAGRAT COR - INFANTIL B,CVS PINTURES M. ESTEVA SOLLER,3 - 0,25-15/25-12/25-16,,https://www.voleibolib.net/pdf.asp?o=80908.jpeg,jpeg,80908
7989,INFANTIL FEMENINA 3ª DIVISION,GRUP E,8,MADRE ALBERTA MIX HOTELS,VOLEY CIDE PALMA FUTURE,0 - 3,13-25/15-25/16-25,,https://www.voleibolib.net/pdf.asp?o=80909.jpg,jpg,80909
7989,INFANTIL FEMENINA 3ª DIVISION,GRUP E,8,ENTRECULTURAS MONTESIÓN BLANC,CV BUNYOLA,3 - 0,25-10/25-12/25-23,,https://www.voleibolib.net/pdf.asp?o=80910.jpg,jpg,80910
7989,INFANTIL FEMENINA 3ª DIVISION,GRUP E,9,VOLEY CIDE PALMA FUTURE,CVS PINTURES M. ESTEVA SOLLER,3 - 0,25-12/25-12/25-19,,https://www.voleibolib.net/pdf.asp?o=80911.jpg,jpg,80911
7989,INFANTIL FEMENINA 3ª DIVISION,GRUP E,9,ENTRECULTURAS MONTESIÓN BLANC,SAGRAT COR - INFANTIL B,0 - 3,21-25/17-25/17-25,,https://www.voleibolib.net/pdf.asp?o=80912.jpg,jpg,80912
7989,INFANTIL FEMENINA 3ª DIVISION,GRUP E,10,MADRE ALBERTA MIX HOTELS,ENTRECULTURAS MONTESIÓN BLANC,1 - 3,25-21/11-25/15-25/17-25,,https://www.voleibolib.net/pdf.asp?o=80916.jpeg,jpeg,80916
7992,INFANTIL FEMENINA 3ª DIVISION,GRUP F,2,AGORA PORTALS AZUL,MAYURQA VOLEY PALMA AABB,0 - 3,14-25/18-25/18-25,,https://www.voleibolib.net/pdf.asp?o=81010.jpg,jpg,81010
7992,INFANTIL FEMENINA 3ª DIVISION,GRUP F,2,ENTRECULTURAS MONTESION GROC,ALARÓ VÒLEI LIVING BLUE,1 - 3,15-25/25-18/12-25/20-25,,https://www.voleibolib.net/pdf.asp?o=81012.jpg,jpg,81012
7992,INFANTIL FEMENINA 3ª DIVISION,GRUP F,3,ALARÓ VÒLEI LIVING BLUE,AGORA PORTALS AZUL,3 - 2,25-17/25-20/20-25/21-25/15-9,,https://www.voleibolib.net/pdf.asp?o=81014.jpg,jpg,81014
7992,INFANTIL FEMENINA 3ª DIVISION,GRUP F,3,CV SANT JOSEP VERD,ENTRECULTURAS MONTESION GROC,3 - 2,25-17/25-23/25-27/22-25/15-6,,https://www.voleibolib.net/pdf.asp?o=81015.jpg,jpg,81015
7992,INFANTIL FEMENINA 3ª DIVISION,GRUP F,4,CONSTRUCCIONS XISCO NADAL CV. PÒRTOL AZUL,ENTRECULTURAS MONTESION GROC,3 - 1,25-20/25-21/13-25/25-20,,https://www.voleibolib.net/pdf.asp?o=81017.jpg,jpg,81017
7992,INFANTIL FEMENINA 3ª DIVISION,GRUP F,5,ALARÓ VÒLEI LIVING BLUE,CONSTRUCCIONS XISCO NADAL CV. PÒRTOL AZUL,2 - 3,25-14/25-20/21-25/23-25/12-15,,https://www.voleibolib.net/pdf.asp?o=81019.jpg,jpg,81019
7992,INFANTIL FEMENINA 3ª DIVISION,GRUP F,5,CV SANT JOSEP VERD,MAYURQA VOLEY PALMA AABB,1 - 3,8-25/14-25/25-15/25-27,,https://www.voleibolib.net/pdf.asp?o=81020.jpeg,jpeg,81020
7992,INFANTIL FEMENINA 3ª DIVISION,GRUP F,5,AGORA PORTALS AZUL,ENTRECULTURAS MONTESION GROC,3 - 0,25-9/25-11/25-19,,https://www.voleibolib.net/pdf.asp?o=81021.jpeg,jpeg,81021
7992,INFANTIL FEMENINA 3ª DIVISION,GRUP F,6,ENTRECULTURAS MONTESION GROC,MAYURQA VOLEY PALMA AABB,1 - 3,11-25/13-25/25-20/22-25,,https://www.voleibolib.net/pdf.asp?o=81023.jpg,jpg,81023
7992,INFANTIL FEMENINA 3ª DIVISION,GRUP F,8,AGORA PORTALS AZUL,ALARÓ VÒLEI LIVING BLUE,2 - 3,18-25/25-18/25-21/19-25/12-15,,https://www.voleibolib.net/pdf.asp?o=81029.jpg,jpg,81029
7992,INFANTIL FEMENINA 3ª DIVISION,GRUP F,9,ENTRECULTURAS MONTESION GROC,CONSTRUCCIONS XISCO NADAL CV. PÒRTOL AZUL,0 - 3,13-25/17-25/21-25,,https://www.voleibolib.net/pdf.asp?o=81032.jpg,jpg,81032
7995,INFANTIL FEMENINA 3ª DIVISION,GRUP G,1,CUINES BORDOY CV MANACOR,ESCOLA VOLEIBOL SANT JOAN,1 - 3,25-18/5-25/22-25/8-25,,https://www.voleibolib.net/pdf.asp?o=81068.jpg,jpg,81068
7995,INFANTIL FEMENINA 3ª DIVISION,GRUP G,1,GRUES ALGAIDA ALGAIDA V.C.,CV POLLENÇA GROC,0 - 3,9-25/14-25/6-25,,https://www.voleibolib.net/pdf.asp?o=81069.jpeg,jpeg,81069
7995,INFANTIL FEMENINA 3ª DIVISION,GRUP G,2,GRÀFIQUES ARTÀ,CV POLLENÇA GROC,0 - 3,5-25/9-25/7-25,,https://www.voleibolib.net/pdf.asp?o=81071.jpg,jpg,81071
7995,INFANTIL FEMENINA 3ª DIVISION,GRUP G,2,ESCOLA VOLEIBOL SANT JOAN,GRUES ALGAIDA ALGAIDA V.C.,3 - 0,25-9/25-9/25-9,,https://www.voleibolib.net/pdf.asp?o=81072.jpeg,jpeg,81072
7995,INFANTIL FEMENINA 3ª DIVISION,GRUP G,4,CUINES BORDOY CV MANACOR,GRUES ALGAIDA ALGAIDA V.C.,3 - 0,25-20/25-23/25-9,,https://www.voleibolib.net/pdf.asp?o=81076.jpg,jpg,81076
7995,INFANTIL FEMENINA 3ª DIVISION,GRUP G,5,GRUES ALGAIDA ALGAIDA V.C.,GRÀFIQUES ARTÀ,3 - 0,25-12/25-12/25-11,,https://www.voleibolib.net/pdf.asp?o=1763356552_3185.pdf,otro,
7995,INFANTIL FEMENINA 3ª DIVISION,GRUP G,6,GRÀFIQUES ARTÀ,EAST MALLORCA - CVSS,0 - 3,7-25/6-25/18-25,,https://www.voleibolib.net/pdf.asp?o=81082.jpeg,jpeg,81082
7995,INFANTIL FEMENINA 3ª DIVISION,GRUP G,6,ESCOLA VOLEIBOL SANT JOAN,CUINES BORDOY CV MANACOR,3 - 1,20-25/25-6/25-19/25-16,,https://www.voleibolib.net/pdf.asp?o=81083.jpeg,jpeg,81083
7995,INFANTIL FEMENINA 3ª DIVISION,GRUP G,8,ESCOLA VOLEIBOL SANT JOAN,CV POLLENÇA GROC,3 - 1,16-25/25-17/25-19/25-18,,https://www.voleibolib.net/pdf.asp?o=81090.jpg,jpg,81090
7995,INFANTIL FEMENINA 3ª DIVISION,GRUP G,10,GRÀFIQUES ARTÀ,GRUES ALGAIDA ALGAIDA V.C.,3 - 1,12-25/25-20/25-17/25-19,,https://www.voleibolib.net/pdf.asp?o=81094.jpg,jpg,81094
7996,INFANTIL FEMENINA 3ª DIVISION,GRUP H,3,AGORA PORTALS BLANCO,RAFAL VELL,0 - 3,8-25/5-25/7-25,,https://www.voleibolib.net/pdf.asp?o=81103.jpeg,jpeg,81103
7996,INFANTIL FEMENINA 3ª DIVISION,GRUP H,3,INNOVA CIDE PALMA,CV SON FERRER CELESTE,3 - 1,25-23/25-19/6-25/25-18,,https://www.voleibolib.net/pdf.asp?o=81104.jpg,jpg,81104
7996,INFANTIL FEMENINA 3ª DIVISION,GRUP H,3,ESPORLES VC CORAL,SAN CAYETANO BLANCO,0 - 3,12-25/19-25/25-27,,https://www.voleibolib.net/pdf.asp?o=81105.jpeg,jpeg,81105
7996,INFANTIL FEMENINA 3ª DIVISION,GRUP H,4,RAFAL VELL,SAN CAYETANO BLANCO,2 - 3,22-25/23-25/27-25/25-16/11-15,,https://www.voleibolib.net/pdf.asp?o=81107.jpg,jpg,81107
7996,INFANTIL FEMENINA 3ª DIVISION,GRUP H,5,ESPORLES VC CORAL,AGORA PORTALS BLANCO,3 - 0,25-15/25-10/25-15,,https://www.voleibolib.net/pdf.asp?o=81110.jpg,jpg,81110
7996,INFANTIL FEMENINA 3ª DIVISION,GRUP H,5,SAN CAYETANO BLANCO,CV SON FERRER CELESTE,3 - 0,25-14/25-2/25-14,,https://www.voleibolib.net/pdf.asp?o=81111.jpg,jpg,81111
7996,INFANTIL FEMENINA 3ª DIVISION,GRUP H,6,RAFAL VELL,CV SON FERRER CELESTE,3 - 0,25-13/25-10/25-2,,https://www.voleibolib.net/pdf.asp?o=81112.jpg,jpg,81112
7996,INFANTIL FEMENINA 3ª DIVISION,GRUP H,6,SAN CAYETANO BLANCO,AGORA PORTALS BLANCO,3 - 0,25-16/25-10/25-18,,https://www.voleibolib.net/pdf.asp?o=81113.jpg,jpg,81113
7996,INFANTIL FEMENINA 3ª DIVISION,GRUP H,6,ESPORLES VC CORAL,INNOVA CIDE PALMA,3 - 1,17-25/25-15/25-23/25-23,,https://www.voleibolib.net/pdf.asp?o=81114.jpg,jpg,81114
7996,INFANTIL FEMENINA 3ª DIVISION,GRUP H,7,AGORA PORTALS BLANCO,CV SON FERRER CELESTE,2 - 3,21-25/15-25/25-8/25-19/12-15,,https://www.voleibolib.net/pdf.asp?o=81115.jpg,jpg,81115
7996,INFANTIL FEMENINA 3ª DIVISION,GRUP H,7,ESPORLES VC CORAL,RAFAL VELL,2 - 3,25-14/25-17/16-25/16-25/7-15,,https://www.voleibolib.net/pdf.asp?o=81116.jpg,jpg,81116
7996,INFANTIL FEMENINA 3ª DIVISION,GRUP H,8,RAFAL VELL,AGORA PORTALS BLANCO,3 - 0,25-16/25-18/25-6,,https://www.voleibolib.net/pdf.asp?o=81118.jpg,jpg,81118
7996,INFANTIL FEMENINA 3ª DIVISION,GRUP H,8,CV SON FERRER CELESTE,INNOVA CIDE PALMA,2 - 3,25-16/24-26/17-25/26-24/10-15,,https://www.voleibolib.net/pdf.asp?o=81119.jpeg,jpeg,81119
7996,INFANTIL FEMENINA 3ª DIVISION,GRUP H,8,SAN CAYETANO BLANCO,ESPORLES VC CORAL,3 - 0,25-19/25-15/25-20,,https://www.voleibolib.net/pdf.asp?o=81120.jpg,jpg,81120
7996,INFANTIL FEMENINA 3ª DIVISION,GRUP H,9,INNOVA CIDE PALMA,AGORA PORTALS BLANCO,3 - 0,25-11/25-11/25-20,,https://www.voleibolib.net/pdf.asp?o=81121.jpg,jpg,81121
7996,INFANTIL FEMENINA 3ª DIVISION,GRUP H,9,SAN CAYETANO BLANCO,RAFAL VELL,2 - 3,25-17/25-18/19-25/12-25/11-15,,https://www.voleibolib.net/pdf.asp?o=81122.jpg,jpg,81122
7996,INFANTIL FEMENINA 3ª DIVISION,GRUP H,9,ESPORLES VC CORAL,CV SON FERRER CELESTE,3 - 0,25-12/25-10/25-10,,https://www.voleibolib.net/pdf.asp?o=81123.jpeg,jpeg,81123
7996,INFANTIL FEMENINA 3ª DIVISION,GRUP H,10,CV SON FERRER CELESTE,SAN CAYETANO BLANCO,0 - 3,8-25/16-25/10-25,,https://www.voleibolib.net/pdf.asp?o=81126.jpg,jpg,81126
7997,INFANTIL FEMENINA 3ª DIVISION,GRUP I,1,ENTRECULTURAS MONTESIÓN KAFKA&#39;S HEAD,ANAYA MAYURQA VOLEY PALMA,3 - 0,25-5/25-10/25-12,,https://www.voleibolib.net/pdf.asp?o=81128.jpeg,jpeg,81128
7997,INFANTIL FEMENINA 3ª DIVISION,GRUP I,2,VOLEY CIDE PALMA 6X6 FUTURE,RAFAL VELL VERD,3 - 0,25-11/25-3/25-8,,https://www.voleibolib.net/pdf.asp?o=81131.jpg,jpg,81131
7997,INFANTIL FEMENINA 3ª DIVISION,GRUP I,3,AMALTEA VIAJES ESPORLES VC,JARDINS D&#39;ALFÀBIA CV BUNYOLA,3 - 0,25-12/25-16/25-23,,https://www.voleibolib.net/pdf.asp?o=81134.jpeg,jpeg,81134
7997,INFANTIL FEMENINA 3ª DIVISION,GRUP I,3,RAFAL VELL VERD,ANAYA MAYURQA VOLEY PALMA,2 - 3,25-19/7-25/17-25/25-21/13-15,,https://www.voleibolib.net/pdf.asp?o=81135.png,png,81135
7997,INFANTIL FEMENINA 3ª DIVISION,GRUP I,4,JARDINS D&#39;ALFÀBIA CV BUNYOLA,RAFAL VELL VERD,3 - 0,25-13/27-25/25-17,,https://www.voleibolib.net/pdf.asp?o=81138.jpeg,jpeg,81138
7997,INFANTIL FEMENINA 3ª DIVISION,GRUP I,5,RAFAL VELL VERD,ENTRECULTURAS MONTESIÓN KAFKA&#39;S HEAD,0 - 3,5-25/10-25/11-25,,https://www.voleibolib.net/pdf.asp?o=81140.jpg,jpg,81140
7997,INFANTIL FEMENINA 3ª DIVISION,GRUP I,6,ANAYA MAYURQA VOLEY PALMA,ENTRECULTURAS MONTESIÓN KAFKA&#39;S HEAD,1 - 3,8-25/25-22/11-25/14-25,,https://www.voleibolib.net/pdf.asp?o=81143.jpg,jpg,81143
7997,INFANTIL FEMENINA 3ª DIVISION,GRUP I,7,ENTRECULTURAS MONTESIÓN KAFKA&#39;S HEAD,JARDINS D&#39;ALFÀBIA CV BUNYOLA,3 - 1,25-8/25-13/17-25/25-11,,https://www.voleibolib.net/pdf.asp?o=81145.jpeg,jpeg,81145
7997,INFANTIL FEMENINA 3ª DIVISION,GRUP I,7,RAFAL VELL VERD,VOLEY CIDE PALMA 6X6 FUTURE,0 - 3,24-26/10-25/9-25,,https://www.voleibolib.net/pdf.asp?o=81146.jpeg,jpeg,81146
7997,INFANTIL FEMENINA 3ª DIVISION,GRUP I,8,JARDINS D&#39;ALFÀBIA CV BUNYOLA,AMALTEA VIAJES ESPORLES VC,1 - 3,22-25/25-23/19-25/20-25,,https://www.voleibolib.net/pdf.asp?o=81149.jpeg,jpeg,81149
7997,INFANTIL FEMENINA 3ª DIVISION,GRUP I,8,ANAYA MAYURQA VOLEY PALMA,RAFAL VELL VERD,3 - 2,7-25/25-10/20-25/25-12/15-9,,https://www.voleibolib.net/pdf.asp?o=81150.jpg,jpg,81150
7997,INFANTIL FEMENINA 3ª DIVISION,GRUP I,9,RAFAL VELL VERD,JARDINS D&#39;ALFÀBIA CV BUNYOLA,1 - 3,17-25/14-25/25-21/11-25,,https://www.voleibolib.net/pdf.asp?o=81153.jpeg,jpeg,81153
7997,INFANTIL FEMENINA 3ª DIVISION,GRUP I,10,VOLEY CIDE PALMA 6X6 FUTURE,AMALTEA VIAJES ESPORLES VC,1 - 3,25-16/22-25/14-25/19-25,,https://www.voleibolib.net/pdf.asp?o=81154.jpg,jpg,81154
8053,INFANTIL FEMENINA 3ª DIVISION,GRUP A,2,MADRE ALBERTA MIX HOTELS,AGORA PORTALS AZUL,1 - 3,10-25/25-21/16-25/15-25,,https://www.voleibolib.net/pdf.asp?o=83166.jpeg,jpeg,83166
8053,INFANTIL FEMENINA 3ª DIVISION,GRUP A,3,ANAYA MAYURQA VOLEY PALMA,MIJUPE CV MANACOR,3 - 0,28-26/25-20/25-17,,https://www.voleibolib.net/pdf.asp?o=83170.jpeg,jpeg,83170
8053,INFANTIL FEMENINA 3ª DIVISION,GRUP A,4,AGORA PORTALS BLANCO,ANAYA MAYURQA VOLEY PALMA,3 - 1,25-19/11-25/25-23/25-15,,https://www.voleibolib.net/pdf.asp?o=83172.jpeg,jpeg,83172
8053,INFANTIL FEMENINA 3ª DIVISION,GRUP A,4,MADRE ALBERTA MIX HOTELS,CLUB VOLEIBOL SON SERVERA - AZUL,3 - 0,25-15/25-11/25-9,,https://www.voleibolib.net/pdf.asp?o=83173.jpg,jpg,83173
8053,INFANTIL FEMENINA 3ª DIVISION,GRUP A,4,AGORA PORTALS AZUL,CUINES BORDOY CV MANACOR,2 - 3,23-25/25-18/17-25/25-13/11-15,,https://www.voleibolib.net/pdf.asp?o=83174.jpeg,jpeg,83174
8053,INFANTIL FEMENINA 3ª DIVISION,GRUP A,5,ANAYA MAYURQA VOLEY PALMA,MADRE ALBERTA MIX HOTELS,1 - 3,12-25/25-13/20-25/16-25,,https://www.voleibolib.net/pdf.asp?o=83177.jpeg,jpeg,83177
8053,INFANTIL FEMENINA 3ª DIVISION,GRUP A,5,MIJUPE CV MANACOR,AGORA PORTALS BLANCO,3 - 2,14-25/25-10/25-19/14-25/15-6,,https://www.voleibolib.net/pdf.asp?o=83178.jpg,jpg,83178
8053,INFANTIL FEMENINA 3ª DIVISION,GRUP A,6,MADRE ALBERTA MIX HOTELS,MIJUPE CV MANACOR,1 - 3,25-17/21-25/9-25/20-25,,https://www.voleibolib.net/pdf.asp?o=83180.jpg,jpg,83180
8053,INFANTIL FEMENINA 3ª DIVISION,GRUP A,6,AGORA PORTALS AZUL,ANAYA MAYURQA VOLEY PALMA,3 - 1,25-14/22-25/25-18/25-8,,https://www.voleibolib.net/pdf.asp?o=83181.jpg,jpg,83181
8053,INFANTIL FEMENINA 3ª DIVISION,GRUP A,7,ANAYA MAYURQA VOLEY PALMA,CUINES BORDOY CV MANACOR,1 - 3,12-25/19-25/27-25/10-25,,https://www.voleibolib.net/pdf.asp?o=83184.jpg,jpg,83184
8053,INFANTIL FEMENINA 3ª DIVISION,GRUP A,9,AGORA PORTALS BLANCO,CUINES BORDOY CV MANACOR,2 - 3,25-21/11-25/16-25/25-18/12-15,,https://www.voleibolib.net/pdf.asp?o=83193.jpg,jpg,83193
8053,INFANTIL FEMENINA 3ª DIVISION,GRUP A,9,AGORA PORTALS AZUL,MADRE ALBERTA MIX HOTELS,3 - 1,26-24/25-16/19-25/25-9,,https://www.voleibolib.net/pdf.asp?o=83194.jpg,jpg,83194
8053,INFANTIL FEMENINA 3ª DIVISION,GRUP A,10,MADRE ALBERTA MIX HOTELS,CUINES BORDOY CV MANACOR,3 - 2,23-25/6-25/26-24/25-23/15-9,,https://www.voleibolib.net/pdf.asp?o=83196.jpg,jpg,83196
8053,INFANTIL FEMENINA 3ª DIVISION,GRUP A,10,MIJUPE CV MANACOR,ANAYA MAYURQA VOLEY PALMA,3 - 1,19-25/25-13/25-19/25-18,,https://www.voleibolib.net/pdf.asp?o=83198.jpeg,jpeg,83198
8053,INFANTIL FEMENINA 3ª DIVISION,GRUP A,11,ANAYA MAYURQA VOLEY PALMA,AGORA PORTALS BLANCO,0 - 3,20-25/20-25/21-25,,https://www.voleibolib.net/pdf.asp?o=83200.jpeg,jpeg,83200
8053,INFANTIL FEMENINA 3ª DIVISION,GRUP A,12,MADRE ALBERTA MIX HOTELS,ANAYA MAYURQA VOLEY PALMA,3 - 0,26-24/25-16/25-23,,https://www.voleibolib.net/pdf.asp?o=83205.jpg,jpg,83205
8053,INFANTIL FEMENINA 3ª DIVISION,GRUP A,13,ANAYA MAYURQA VOLEY PALMA,AGORA PORTALS AZUL,1 - 3,14-25/24-26/25-19/21-25,,https://www.voleibolib.net/pdf.asp?o=83209.jpg,jpg,83209
8053,INFANTIL FEMENINA 3ª DIVISION,GRUP A,14,CUINES BORDOY CV MANACOR,ANAYA MAYURQA VOLEY PALMA,3 - 0,25-6/25-11/27-25,,https://www.voleibolib.net/pdf.asp?o=83212.jpg,jpg,83212
8053,INFANTIL FEMENINA 3ª DIVISION,GRUP A,14,MADRE ALBERTA MIX HOTELS,AGORA PORTALS BLANCO,3 - 2,7-25/25-20/16-25/25-8/15-4,,https://www.voleibolib.net/pdf.asp?o=83214.jpeg,jpeg,83214
8054,INFANTIL FEMENINA 3ª DIVISION,GRUP B,1,SAN CAYETANO AZUL,RAFAL VELL VERD,3 - 2,23-25/25-13/18-25/25-12/17-15,,https://www.voleibolib.net/pdf.asp?o=83216.jpg,jpg,83216
8054,INFANTIL FEMENINA 3ª DIVISION,GRUP B,2,CV BUNYOLA,CV SANT JOSEP VERD,3 - 1,27-29/25-18/25-22/25-10,,https://www.voleibolib.net/pdf.asp?o=83219.jpeg,jpeg,83219
8054,INFANTIL FEMENINA 3ª DIVISION,GRUP B,2,CONSTRUCCIONS ESPORLES CV VILAFRANCA,SAN CAYETANO AZUL,3 - 1,25-19/18-25/25-16/28-26,,https://www.voleibolib.net/pdf.asp?o=83222.jpg,jpg,83222
8054,INFANTIL FEMENINA 3ª DIVISION,GRUP B,3,INNOVA CIDE PALMA,CONSTRUCCIONS ESPORLES CV VILAFRANCA,2 - 3,19-25/25-22/25-23/15-25/6-15,,https://www.voleibolib.net/pdf.asp?o=83224.jpeg,jpeg,83224
8054,INFANTIL FEMENINA 3ª DIVISION,GRUP B,4,CONSTRUCCIONS ESPORLES CV VILAFRANCA,FORMETA - UE LLOSETINA VÒLEI,3 - 1,21-25/25-9/25-7/25-14,,https://www.voleibolib.net/pdf.asp?o=83229.jpeg,jpeg,83229
8054,INFANTIL FEMENINA 3ª DIVISION,GRUP B,5,GRUES ALGAIDA ALGAIDA V.C.,RAFAL VELL VERD,2 - 3,7-25/20-25/25-17/25-23/15-17,,https://www.voleibolib.net/pdf.asp?o=83234.jpg,jpg,83234
8054,INFANTIL FEMENINA 3ª DIVISION,GRUP B,6,CV BUNYOLA,RAFAL VELL VERD,3 - 1,25-27/28-26/25-12/25-17,,https://www.voleibolib.net/pdf.asp?o=83235.jpg,jpg,83235
8054,INFANTIL FEMENINA 3ª DIVISION,GRUP B,6,CONSTRUCCIONS ESPORLES CV VILAFRANCA,GRUES ALGAIDA ALGAIDA V.C.,3 - 2,25-21/22-25/19-25/25-17/15-4,,https://www.voleibolib.net/pdf.asp?o=83236.jpg,jpg,83236
8054,INFANTIL FEMENINA 3ª DIVISION,GRUP B,7,FORMETA - UE LLOSETINA VÒLEI,CV BUNYOLA,0 - 3,8-25/7-25/6-25,,https://www.voleibolib.net/pdf.asp?o=83239.jpg,jpg,83239
8054,INFANTIL FEMENINA 3ª DIVISION,GRUP B,7,CV SANT JOSEP VERD,INNOVA CIDE PALMA,3 - 1,25-20/23-25/25-20/25-15,,https://www.voleibolib.net/pdf.asp?o=83240.jpg,jpg,83240
8054,INFANTIL FEMENINA 3ª DIVISION,GRUP B,8,RAFAL VELL VERD,SAN CAYETANO AZUL,3 - 2,19-25/9-25/25-21/25-21/16-14,,https://www.voleibolib.net/pdf.asp?o=83244.jpg,jpg,83244
8054,INFANTIL FEMENINA 3ª DIVISION,GRUP B,8,GRUES ALGAIDA ALGAIDA V.C.,INNOVA CIDE PALMA,2 - 3,25-17/16-25/29-27/16-25/6-15,,https://www.voleibolib.net/pdf.asp?o=83245.jpeg,jpeg,83245
8054,INFANTIL FEMENINA 3ª DIVISION,GRUP B,9,CV SANT JOSEP VERD,CV BUNYOLA,3 - 0,25-9/25-12/25-22,,https://www.voleibolib.net/pdf.asp?o=83247.jpg,jpg,83247
8054,INFANTIL FEMENINA 3ª DIVISION,GRUP B,9,INNOVA CIDE PALMA,RAFAL VELL VERD,3 - 0,25-8/25-19/25-15,,https://www.voleibolib.net/pdf.asp?o=83249.jpg,jpg,83249
8054,INFANTIL FEMENINA 3ª DIVISION,GRUP B,9,SAN CAYETANO AZUL,CONSTRUCCIONS ESPORLES CV VILAFRANCA,2 - 3,19-25/25-21/25-20/23-25/17-19,,https://www.voleibolib.net/pdf.asp?o=83250.jpg,jpg,83250
8054,INFANTIL FEMENINA 3ª DIVISION,GRUP B,10,CV BUNYOLA,SAN CAYETANO AZUL,3 - 0,25-20/25-23/25-23,,https://www.voleibolib.net/pdf.asp?o=83251.jpeg,jpeg,83251
8054,INFANTIL FEMENINA 3ª DIVISION,GRUP B,10,CONSTRUCCIONS ESPORLES CV VILAFRANCA,INNOVA CIDE PALMA,3 - 1,23-25/25-9/25-16/25-17,,https://www.voleibolib.net/pdf.asp?o=83252.jpeg,jpeg,83252
8054,INFANTIL FEMENINA 3ª DIVISION,GRUP B,10,RAFAL VELL VERD,FORMETA - UE LLOSETINA VÒLEI,3 - 0,25-4/25-14/25-11,,https://www.voleibolib.net/pdf.asp?o=83253.jpg,jpg,83253
8054,INFANTIL FEMENINA 3ª DIVISION,GRUP B,10,GRUES ALGAIDA ALGAIDA V.C.,CV SANT JOSEP VERD,1 - 3,15-25/5-25/25-21/23-25,,https://www.voleibolib.net/pdf.asp?o=83254.jpg,jpg,83254
8054,INFANTIL FEMENINA 3ª DIVISION,GRUP B,11,CV SANT JOSEP VERD,RAFAL VELL VERD,3 - 0,25-19/25-11/25-19,,https://www.voleibolib.net/pdf.asp?o=83256.jpg,jpg,83256
8054,INFANTIL FEMENINA 3ª DIVISION,GRUP B,11,INNOVA CIDE PALMA,SAN CAYETANO AZUL,3 - 2,25-10/25-13/17-25/13-25/16-14,,https://www.voleibolib.net/pdf.asp?o=83258.jpg,jpg,83258
8054,INFANTIL FEMENINA 3ª DIVISION,GRUP B,12,CV BUNYOLA,INNOVA CIDE PALMA,3 - 2,23-25/14-25/25-19/25-16/15-5,,https://www.voleibolib.net/pdf.asp?o=83259.jpeg,jpeg,83259
8054,INFANTIL FEMENINA 3ª DIVISION,GRUP B,12,SAN CAYETANO AZUL,FORMETA - UE LLOSETINA VÒLEI,3 - 0,25-12/25-13/25-17,,https://www.voleibolib.net/pdf.asp?o=83260.jpg,jpg,83260
8054,INFANTIL FEMENINA 3ª DIVISION,GRUP B,12,CONSTRUCCIONS ESPORLES CV VILAFRANCA,CV SANT JOSEP VERD,2 - 3,24-26/25-20/17-25/25-22/16-18,,https://www.voleibolib.net/pdf.asp?o=83261.jpeg,jpeg,83261
8054,INFANTIL FEMENINA 3ª DIVISION,GRUP B,12,RAFAL VELL VERD,GRUES ALGAIDA ALGAIDA V.C.,3 - 2,25-23/16-25/25-16/17-25/15-7,,https://www.voleibolib.net/pdf.asp?o=83262.jpg,jpg,83262
8054,INFANTIL FEMENINA 3ª DIVISION,GRUP B,13,GRUES ALGAIDA ALGAIDA V.C.,CONSTRUCCIONS ESPORLES CV VILAFRANCA,0 - 3,23-25/11-25/12-25,,https://www.voleibolib.net/pdf.asp?o=83264.jpg,jpg,83264
8054,INFANTIL FEMENINA 3ª DIVISION,GRUP B,13,CV SANT JOSEP VERD,SAN CAYETANO AZUL,3 - 2,24-26/18-25/25-17/25-7/15-7,,https://www.voleibolib.net/pdf.asp?o=83265.jpg,jpg,83265
8054,INFANTIL FEMENINA 3ª DIVISION,GRUP B,14,SAN CAYETANO AZUL,GRUES ALGAIDA ALGAIDA V.C.,3 - 1,20-25/25-16/25-22/25-23,,https://www.voleibolib.net/pdf.asp?o=83269.jpeg,jpeg,83269
8055,INFANTIL FEMENINA 3ª DIVISION,GRUP C,1,CAMPOS INFANTIL FEMENÍ,ENTRECULTURAS MONTESION GROC,1 - 3,16-25/25-19/18-25/16-25,,https://www.voleibolib.net/pdf.asp?o=83272.jpeg,jpeg,83272
8055,INFANTIL FEMENINA 3ª DIVISION,GRUP C,1,JARDINS D&#39;ALFÀBIA CV BUNYOLA,CV SON FERRER CELESTE,3 - 0,25-21/25-15/25-12,,https://www.voleibolib.net/pdf.asp?o=83273.jpeg,jpeg,83273
8055,INFANTIL FEMENINA 3ª DIVISION,GRUP C,1,ALARÓ VÒLEI AO ESTILISTAS,CVS PINTURES M. ESTEVA SOLLER,0 - 3,10-25/10-25/14-25,,https://www.voleibolib.net/pdf.asp?o=83274.jpg,jpg,83274
8055,INFANTIL FEMENINA 3ª DIVISION,GRUP C,2,ENTRECULTURAS MONTESION GROC,JARDINS D&#39;ALFÀBIA CV BUNYOLA,1 - 3,25-23/24-26/18-25/21-25,,https://www.voleibolib.net/pdf.asp?o=83277.jpeg,jpeg,83277
8055,INFANTIL FEMENINA 3ª DIVISION,GRUP C,3,CAMPOS INFANTIL FEMENÍ,GRÀFIQUES ARTÀ,3 - 1,25-19/25-17/23-25/25-23,,https://www.voleibolib.net/pdf.asp?o=83279.jpg,jpg,83279
8055,INFANTIL FEMENINA 3ª DIVISION,GRUP C,3,JARDINS D&#39;ALFÀBIA CV BUNYOLA,9FUTUR VOLEI MURO,3 - 1,16-25/25-9/25-13/25-5,,https://www.voleibolib.net/pdf.asp?o=83280.jpeg,jpeg,83280
8055,INFANTIL FEMENINA 3ª DIVISION,GRUP C,4,GRÀFIQUES ARTÀ,CV SON FERRER CELESTE,0 - 3,22-25/18-25/19-25,,https://www.voleibolib.net/pdf.asp?o=83283.jpeg,jpeg,83283
8055,INFANTIL FEMENINA 3ª DIVISION,GRUP C,4,ENTRECULTURAS MONTESION GROC,CVS PINTURES M. ESTEVA SOLLER,0 - 3,11-25/19-25/8-25,,https://www.voleibolib.net/pdf.asp?o=83284.jpeg,jpeg,83284
8055,INFANTIL FEMENINA 3ª DIVISION,GRUP C,4,9FUTUR VOLEI MURO,ALARÓ VÒLEI AO ESTILISTAS,3 - 0,25-18/25-23/25-10,,https://www.voleibolib.net/pdf.asp?o=83285.jpg,jpg,83285
8055,INFANTIL FEMENINA 3ª DIVISION,GRUP C,5,JARDINS D&#39;ALFÀBIA CV BUNYOLA,GRÀFIQUES ARTÀ,3 - 1,24-26/25-14/25-7/25-16,,https://www.voleibolib.net/pdf.asp?o=83287.jpeg,jpeg,83287
8055,INFANTIL FEMENINA 3ª DIVISION,GRUP C,5,ALARÓ VÒLEI AO ESTILISTAS,CAMPOS INFANTIL FEMENÍ,0 - 3,22-25/14-25/8-25,,https://www.voleibolib.net/pdf.asp?o=83288.jpg,jpg,83288
8055,INFANTIL FEMENINA 3ª DIVISION,GRUP C,7,ALARÓ VÒLEI AO ESTILISTAS,GRÀFIQUES ARTÀ,2 - 3,26-24/21-25/17-25/25-19/6-15,,https://www.voleibolib.net/pdf.asp?o=83295.jpg,jpg,83295
8055,INFANTIL FEMENINA 3ª DIVISION,GRUP C,7,CV SON FERRER CELESTE,CAMPOS INFANTIL FEMENÍ,3 - 1,25-22/25-15/16-25/25-16,,https://www.voleibolib.net/pdf.asp?o=83297.jpeg,jpeg,83297
8055,INFANTIL FEMENINA 3ª DIVISION,GRUP C,7,ENTRECULTURAS MONTESION GROC,9FUTUR VOLEI MURO,3 - 0,25-20/25-21/25-20,,https://www.voleibolib.net/pdf.asp?o=83298.jpeg,jpeg,83298
8055,INFANTIL FEMENINA 3ª DIVISION,GRUP C,8,ENTRECULTURAS MONTESION GROC,CAMPOS INFANTIL FEMENÍ,3 - 1,26-24/25-17/21-25/25-17,,https://www.voleibolib.net/pdf.asp?o=83300.jpg,jpg,83300
8055,INFANTIL FEMENINA 3ª DIVISION,GRUP C,8,CVS PINTURES M. ESTEVA SOLLER,ALARÓ VÒLEI AO ESTILISTAS,3 - 0,25-4/25-16/25-16,,https://www.voleibolib.net/pdf.asp?o=83302.jpeg,jpeg,83302
8055,INFANTIL FEMENINA 3ª DIVISION,GRUP C,9,CVS PINTURES M. ESTEVA SOLLER,GRÀFIQUES ARTÀ,3 - 0,25-23/25-11/25-23,,https://www.voleibolib.net/pdf.asp?o=83303.jpg,jpg,83303
8055,INFANTIL FEMENINA 3ª DIVISION,GRUP C,9,ALARÓ VÒLEI AO ESTILISTAS,CV SON FERRER CELESTE,2 - 3,25-12/9-25/25-19/22-25/7-15,,https://www.voleibolib.net/pdf.asp?o=83304.jpg,jpg,83304
8055,INFANTIL FEMENINA 3ª DIVISION,GRUP C,9,CAMPOS INFANTIL FEMENÍ,9FUTUR VOLEI MURO,0 - 3,19-25/19-25/20-25,,https://www.voleibolib.net/pdf.asp?o=83306.jpg,jpg,83306
8055,INFANTIL FEMENINA 3ª DIVISION,GRUP C,10,9FUTUR VOLEI MURO,JARDINS D&#39;ALFÀBIA CV BUNYOLA,1 - 3,25-17/19-25/11-25/20-25,,https://www.voleibolib.net/pdf.asp?o=83308.jpg,jpg,83308
8055,INFANTIL FEMENINA 3ª DIVISION,GRUP C,10,CV SON FERRER CELESTE,CVS PINTURES M. ESTEVA SOLLER,0 - 3,23-25/8-25/24-26,,https://www.voleibolib.net/pdf.asp?o=83310.jpg,jpg,83310
8055,INFANTIL FEMENINA 3ª DIVISION,GRUP C,11,CV SON FERRER CELESTE,GRÀFIQUES ARTÀ,3 - 1,25-13/25-19/23-25/25-23,,https://www.voleibolib.net/pdf.asp?o=83311.jpeg,jpeg,83311
8055,INFANTIL FEMENINA 3ª DIVISION,GRUP C,11,CVS PINTURES M. ESTEVA SOLLER,ENTRECULTURAS MONTESION GROC,3 - 1,27-25/25-23/24-26/25-11,,https://www.voleibolib.net/pdf.asp?o=83312.jpeg,jpeg,83312
8055,INFANTIL FEMENINA 3ª DIVISION,GRUP C,11,JARDINS D&#39;ALFÀBIA CV BUNYOLA,CAMPOS INFANTIL FEMENÍ,3 - 0,25-18/25-10/26-24,,https://www.voleibolib.net/pdf.asp?o=83314.jpg,jpg,83314
8055,INFANTIL FEMENINA 3ª DIVISION,GRUP C,12,ENTRECULTURAS MONTESION GROC,CV SON FERRER CELESTE,3 - 2,25-14/25-17/21-25/17-25/15-2,,https://www.voleibolib.net/pdf.asp?o=83318.jpeg,jpeg,83318
8055,INFANTIL FEMENINA 3ª DIVISION,GRUP C,13,ENTRECULTURAS MONTESION GROC,GRÀFIQUES ARTÀ,3 - 1,25-13/25-9/25-27/25-23,,https://www.voleibolib.net/pdf.asp?o=83319.jpeg,jpeg,83319
8055,INFANTIL FEMENINA 3ª DIVISION,GRUP C,13,CVS PINTURES M. ESTEVA SOLLER,CAMPOS INFANTIL FEMENÍ,3 - 0,25-8/25-21/25-14,,https://www.voleibolib.net/pdf.asp?o=83321.jpg,jpg,83321
8055,INFANTIL FEMENINA 3ª DIVISION,GRUP C,14,JARDINS D&#39;ALFÀBIA CV BUNYOLA,CVS PINTURES M. ESTEVA SOLLER,3 - 1,25-21/26-24/14-25/25-18,,https://www.voleibolib.net/pdf.asp?o=83324.jpg,jpg,83324
8055,INFANTIL FEMENINA 3ª DIVISION,GRUP C,14,CAMPOS INFANTIL FEMENÍ,CV SON FERRER CELESTE,1 - 3,22-25/18-25/25-16/22-25,,https://www.voleibolib.net/pdf.asp?o=83325.jpg,jpg,83325
8055,INFANTIL FEMENINA 3ª DIVISION,GRUP C,14,9FUTUR VOLEI MURO,ENTRECULTURAS MONTESION GROC,0 - 3,18-25/22-25/19-25,,https://www.voleibolib.net/pdf.asp?o=83326.jpg,jpg,83326
8020,ALEVIN MASCULINO 4X4,Liga Regular,1,MPT CV. PORTOL NEGRO,CV. PÒRTOL ROJO,3 - 0,25-10/25-11/25-11,,https://www.voleibolib.net/pdf.asp?o=81768.jpeg,jpeg,81768
8020,ALEVIN MASCULINO 4X4,Liga Regular,1,POLIUREA CV MANACOR,TECNOJARDI ALGAIDA VC,1 - 2,17-25/12-25/25-23,,https://www.voleibolib.net/pdf.asp?o=81771.jpeg,jpeg,81771
8020,ALEVIN MASCULINO 4X4,Liga Regular,2,CV. PÒRTOL ROJO,TECNOJARDI ALGAIDA VC,0 - 3,13-25/7-25/7-25,,https://www.voleibolib.net/pdf.asp?o=81772.jpg,jpg,81772
8020,ALEVIN MASCULINO 4X4,Liga Regular,2,VOLEI MURO,POLIUREA CV MANACOR,1 - 2,22-25/18-25/25-20,,https://www.voleibolib.net/pdf.asp?o=81773.jpeg,jpeg,81773
8020,ALEVIN MASCULINO 4X4,Liga Regular,2,VOLEY CIDE PALMA,CV SANT JOSEP,3 - 0,25-11/25-21/25-9,,https://www.voleibolib.net/pdf.asp?o=81774.jpg,jpg,81774
8020,ALEVIN MASCULINO 4X4,Liga Regular,3,POLIUREA CV MANACOR,VOLEY CIDE PALMA,0 - 3,12-25/10-25/17-25,,https://www.voleibolib.net/pdf.asp?o=81778.jpeg,jpeg,81778
8020,ALEVIN MASCULINO 4X4,Liga Regular,3,TECNOJARDI ALGAIDA VC,VOLEI MURO,3 - 0,25-12/25-19/25-19,,https://www.voleibolib.net/pdf.asp?o=81779.jpeg,jpeg,81779
8020,ALEVIN MASCULINO 4X4,Liga Regular,4,CV. PÒRTOL ROJO,VOLEI MURO,0 - 3,11-25/10-25/9-25,,https://www.voleibolib.net/pdf.asp?o=81780.jpeg,jpeg,81780
8020,ALEVIN MASCULINO 4X4,Liga Regular,4,VOLEY CIDE PALMA,TECNOJARDI ALGAIDA VC,3 - 0,25-6/25-11/25-7,,https://www.voleibolib.net/pdf.asp?o=81781.jpg,jpg,81781
8020,ALEVIN MASCULINO 4X4,Liga Regular,4,MPT CV. PORTOL NEGRO,POLIUREA CV MANACOR,0 - 3,11-25/15-25/18-25,,https://www.voleibolib.net/pdf.asp?o=81782.jpeg,jpeg,81782
8020,ALEVIN MASCULINO 4X4,Liga Regular,5,TECNOJARDI ALGAIDA VC,MPT CV. PORTOL NEGRO,3 - 0,25-11/28-26/25-7,,https://www.voleibolib.net/pdf.asp?o=81786.jpeg,jpeg,81786
8020,ALEVIN MASCULINO 4X4,Liga Regular,5,VOLEI MURO,VOLEY CIDE PALMA,0 - 3,3-25/5-25/18-25,,https://www.voleibolib.net/pdf.asp?o=81787.jpeg,jpeg,81787
8020,ALEVIN MASCULINO 4X4,Liga Regular,6,CV. PÒRTOL ROJO,VOLEY CIDE PALMA,0 - 3,4-25/7-25/6-25,,https://www.voleibolib.net/pdf.asp?o=81788.jpeg,jpeg,81788
8020,ALEVIN MASCULINO 4X4,Liga Regular,6,MPT CV. PORTOL NEGRO,VOLEI MURO,0 - 3,21-25/16-25/23-25,,https://www.voleibolib.net/pdf.asp?o=81789.jpeg,jpeg,81789
8020,ALEVIN MASCULINO 4X4,Liga Regular,7,POLIUREA CV MANACOR,CV. PÒRTOL ROJO,3 - 0,25-7/25-7/27-25,,https://www.voleibolib.net/pdf.asp?o=81792.jpg,jpg,81792
8020,ALEVIN MASCULINO 4X4,Liga Regular,7,TECNOJARDI ALGAIDA VC,CV SANT JOSEP,2 - 1,25-16/25-23/24-26,,https://www.voleibolib.net/pdf.asp?o=81793.jpeg,jpeg,81793
8020,ALEVIN MASCULINO 4X4,Liga Regular,7,VOLEY CIDE PALMA,MPT CV. PORTOL NEGRO,3 - 0,25-7/25-14/25-10,,https://www.voleibolib.net/pdf.asp?o=81795.jpg,jpg,81795
8020,ALEVIN MASCULINO 4X4,Liga Regular,8,CV. PÒRTOL ROJO,MPT CV. PORTOL NEGRO,0 - 3,18-25/19-25/20-25,,https://www.voleibolib.net/pdf.asp?o=81796.jpeg,jpeg,81796
8020,ALEVIN MASCULINO 4X4,Liga Regular,8,VOLEI MURO,CV SANT JOSEP,1 - 2,25-21/26-28/15-25,,https://www.voleibolib.net/pdf.asp?o=81798.jpeg,jpeg,81798
8020,ALEVIN MASCULINO 4X4,Liga Regular,8,TECNOJARDI ALGAIDA VC,POLIUREA CV MANACOR,2 - 1,27-25/21-25/25-22,,https://www.voleibolib.net/pdf.asp?o=81799.jpeg,jpeg,81799
8020,ALEVIN MASCULINO 4X4,Liga Regular,9,TECNOJARDI ALGAIDA VC,CV. PÒRTOL ROJO,3 - 0,25-11/25-8/25-10,,https://www.voleibolib.net/pdf.asp?o=81800.jpeg,jpeg,81800
8020,ALEVIN MASCULINO 4X4,Liga Regular,9,POLIUREA CV MANACOR,VOLEI MURO,3 - 0,25-18/25-16/25-22,,https://www.voleibolib.net/pdf.asp?o=81801.jpg,jpg,81801
8020,ALEVIN MASCULINO 4X4,Liga Regular,9,CV SANT JOSEP,VOLEY CIDE PALMA,0 - 3,10-25/7-25/17-25,,https://www.voleibolib.net/pdf.asp?o=81802.jpeg,jpeg,81802
8020,ALEVIN MASCULINO 4X4,Liga Regular,10,MPT CV. PORTOL NEGRO,CV SANT JOSEP,0 - 3,10-25/21-25/17-25,,https://www.voleibolib.net/pdf.asp?o=81805.jpeg,jpeg,81805
8020,ALEVIN MASCULINO 4X4,Liga Regular,10,VOLEY CIDE PALMA,POLIUREA CV MANACOR,3 - 0,25-3/25-13/25-2,,https://www.voleibolib.net/pdf.asp?o=81806.jpg,jpg,81806
8020,ALEVIN MASCULINO 4X4,Liga Regular,10,VOLEI MURO,TECNOJARDI ALGAIDA VC,0 - 3,24-26/17-25/18-25,,https://www.voleibolib.net/pdf.asp?o=81807.png,png,81807
8020,ALEVIN MASCULINO 4X4,Liga Regular,11,VOLEI MURO,CV. PÒRTOL ROJO,3 - 0,25-21/25-16/25-12,,https://www.voleibolib.net/pdf.asp?o=81808.jpeg,jpeg,81808
8020,ALEVIN MASCULINO 4X4,Liga Regular,11,TECNOJARDI ALGAIDA VC,VOLEY CIDE PALMA,1 - 2,19-25/25-20/18-25,,https://www.voleibolib.net/pdf.asp?o=81809.jpeg,jpeg,81809
8020,ALEVIN MASCULINO 4X4,Liga Regular,11,POLIUREA CV MANACOR,MPT CV. PORTOL NEGRO,3 - 0,25-21/25-15/25-12,,https://www.voleibolib.net/pdf.asp?o=81810.jpg,jpg,81810
8020,ALEVIN MASCULINO 4X4,Liga Regular,12,CV. PÒRTOL ROJO,CV SANT JOSEP,0 - 3,9-25/17-25/15-25,,https://www.voleibolib.net/pdf.asp?o=81812.jpeg,jpeg,81812
8020,ALEVIN MASCULINO 4X4,Liga Regular,12,MPT CV. PORTOL NEGRO,TECNOJARDI ALGAIDA VC,0 - 3,6-25/4-25/7-25,,https://www.voleibolib.net/pdf.asp?o=81814.jpeg,jpeg,81814
8020,ALEVIN MASCULINO 4X4,Liga Regular,12,VOLEY CIDE PALMA,VOLEI MURO,3 - 0,25-8/25-6/26-24,,https://www.voleibolib.net/pdf.asp?o=81815.jpg,jpg,81815
8020,ALEVIN MASCULINO 4X4,Liga Regular,13,VOLEY CIDE PALMA,CV. PÒRTOL ROJO,3 - 0,25-5/25-13/25-14,,https://www.voleibolib.net/pdf.asp?o=81816.jpg,jpg,81816
8020,ALEVIN MASCULINO 4X4,Liga Regular,13,VOLEI MURO,MPT CV. PORTOL NEGRO,1 - 2,14-25/18-25/25-20,,https://www.voleibolib.net/pdf.asp?o=81817.jpeg,jpeg,81817
8020,ALEVIN MASCULINO 4X4,Liga Regular,13,POLIUREA CV MANACOR,CV SANT JOSEP,2 - 1,25-22/25-27/25-20,,https://www.voleibolib.net/pdf.asp?o=81819.jpg,jpg,81819
8020,ALEVIN MASCULINO 4X4,Liga Regular,14,CV. PÒRTOL ROJO,POLIUREA CV MANACOR,0 - 3,15-25/9-25/14-25,,https://www.voleibolib.net/pdf.asp?o=81820.jpeg,jpeg,81820
8020,ALEVIN MASCULINO 4X4,Liga Regular,14,MPT CV. PORTOL NEGRO,VOLEY CIDE PALMA,0 - 3,4-25/7-25/7-25,,https://www.voleibolib.net/pdf.asp?o=81823.jpeg,jpeg,81823
8135,ALEVIN MASCULINO 4X4,OR,1,VOLEY CIDE PALMA,CV SANT JOSEP,3 - 0,25-9/25-11/25-15,,https://www.voleibolib.net/pdf.asp?o=84730.jpg,jpg,84730
8135,ALEVIN MASCULINO 4X4,OR,1,TECNOJARDI ALGAIDA VC,BAR TREVOL CV MANACOR,3 - 0,25-22/25-18/25-17,,https://www.voleibolib.net/pdf.asp?o=84731.jpeg,jpeg,84731
8135,ALEVIN MASCULINO 4X4,OR,2,CV SANT JOSEP,BAR TREVOL CV MANACOR,1 - 2,24-26/25-15/18-25,,https://www.voleibolib.net/pdf.asp?o=84732.jpeg,jpeg,84732
8135,ALEVIN MASCULINO 4X4,OR,2,VOLEY CIDE PALMA,TECNOJARDI ALGAIDA VC,2 - 1,25-16/25-20/15-25,,https://www.voleibolib.net/pdf.asp?o=84733.jpg,jpg,84733
8135,ALEVIN MASCULINO 4X4,OR,3,TECNOJARDI ALGAIDA VC,CV SANT JOSEP,2 - 1,25-17/20-25/25-19,,https://www.voleibolib.net/pdf.asp?o=84735.jpeg,jpeg,84735
8135,ALEVIN MASCULINO 4X4,OR,4,CV SANT JOSEP,VOLEY CIDE PALMA,0 - 3,13-25/12-25/9-25,,https://www.voleibolib.net/pdf.asp?o=84736.jpeg,jpeg,84736
8135,ALEVIN MASCULINO 4X4,OR,5,TECNOJARDI ALGAIDA VC,VOLEY CIDE PALMA,1 - 2,25-22/21-25/18-25,,https://www.voleibolib.net/pdf.asp?o=84739.jpeg,jpeg,84739
8135,ALEVIN MASCULINO 4X4,OR,6,VOLEY CIDE PALMA,BAR TREVOL CV MANACOR,3 - 0,25-9/25-13/25-20,,https://www.voleibolib.net/pdf.asp?o=84740.jpg,jpg,84740
8137,ALEVIN MASCULINO 4X4,PLATA,1,CV. PÒRTOL ROJO,MPT CV. PORTOL NEGRO,0 - 3,12-25/10-25/11-25,,https://www.voleibolib.net/pdf.asp?o=84743.jpeg,jpeg,84743
8137,ALEVIN MASCULINO 4X4,PLATA,4,MPT CV. PORTOL NEGRO,CV. PÒRTOL ROJO,2 - 1,17-25/25-15/25-18,,https://www.voleibolib.net/pdf.asp?o=84749.jpeg,jpeg,84749
8137,ALEVIN MASCULINO 4X4,PLATA,5,CV. PÒRTOL ROJO,VOLEI MURO,1 - 2,25-17/16-25/21-25,,https://www.voleibolib.net/pdf.asp?o=84751.jpeg,jpeg,84751
8009,ALEVIN FEMENINO 4X4,GRUP A,1,ALARÓ VÒLEI AUTOCARES COMAS,ANAYA MAYURQA VOLEY PALMA,0 - 3,8-25/9-25/15-25,,https://www.voleibolib.net/pdf.asp?o=81604.jpeg,jpeg,81604
8009,ALEVIN FEMENINO 4X4,GRUP A,1,VOLEY CIDE PALMA PROMISES,MENORCA LINES ESPORLES VC,0 - 3,22-25/9-25/15-25,,https://www.voleibolib.net/pdf.asp?o=81605.jpg,jpg,81605
8009,ALEVIN FEMENINO 4X4,GRUP A,2,SAN CAYETANO,ALARÓ VÒLEI AUTOCARES COMAS,0 - 2,20-25/16-25,,https://www.voleibolib.net/pdf.asp?o=81606.jpg,jpg,81606
8009,ALEVIN FEMENINO 4X4,GRUP A,2,ANAYA MAYURQA VOLEY PALMA,VOLEY CIDE PALMA PROMISES,1 - 2,25-18/16-25/21-25,,https://www.voleibolib.net/pdf.asp?o=81608.JPG,jpg,81608
8009,ALEVIN FEMENINO 4X4,GRUP A,3,VOLEY CIDE PALMA PROMISES,SAN CAYETANO,3 - 0,25-23/25-11/25-3,,https://www.voleibolib.net/pdf.asp?o=81610.jpg,jpg,81610
8009,ALEVIN FEMENINO 4X4,GRUP A,3,MENORCA LINES ESPORLES VC,ANAYA MAYURQA VOLEY PALMA,3 - 0,25-19/25-23/25-8,,https://www.voleibolib.net/pdf.asp?o=81611.jpg,jpg,81611
8009,ALEVIN FEMENINO 4X4,GRUP A,4,ALARÓ VÒLEI AUTOCARES COMAS,VOLEY CIDE PALMA PROMISES,1 - 2,12-25/25-22/8-25,,https://www.voleibolib.net/pdf.asp?o=81612.jpg,jpg,81612
8009,ALEVIN FEMENINO 4X4,GRUP A,4,SAN CAYETANO,MENORCA LINES ESPORLES VC,0 - 3,17-25/11-25/17-25,,https://www.voleibolib.net/pdf.asp?o=81614.jpg,jpg,81614
8009,ALEVIN FEMENINO 4X4,GRUP A,5,MENORCA LINES ESPORLES VC,ALARÓ VÒLEI AUTOCARES COMAS,3 - 0,25-5/25-11/25-3,,https://www.voleibolib.net/pdf.asp?o=81616.jpg,jpg,81616
8009,ALEVIN FEMENINO 4X4,GRUP A,5,ANAYA MAYURQA VOLEY PALMA,SAN CAYETANO,3 - 0,25-15/25-13/25-4,,https://www.voleibolib.net/pdf.asp?o=81617.jpeg,jpeg,81617
8010,ALEVIN FEMENINO 4X4,GRUP B,1,CAFE NOU ESPORLES VC,ALARÓ VÒLEI LIVING BLUE,0 - 3,16-25/15-25/8-25,,https://www.voleibolib.net/pdf.asp?o=81619.jpg,jpg,81619
8010,ALEVIN FEMENINO 4X4,GRUP B,2,CV SANT JOSEP,CAFE NOU ESPORLES VC,0 - 3,14-25/19-25/10-25,,https://www.voleibolib.net/pdf.asp?o=81621.jpg,jpg,81621
8010,ALEVIN FEMENINO 4X4,GRUP B,2,INNOVA CIDE PALMA GROC,FRAU CV. PÒRTOL NEGRO,1 - 2,14-25/25-21/16-25,,https://www.voleibolib.net/pdf.asp?o=81622.jpg,jpg,81622
8010,ALEVIN FEMENINO 4X4,GRUP B,3,CAFE NOU ESPORLES VC,INNOVA CIDE PALMA GROC,1 - 2,25-20/17-25/25-27,,https://www.voleibolib.net/pdf.asp?o=81624.jpg,jpg,81624
8010,ALEVIN FEMENINO 4X4,GRUP B,3,FRAU CV. PÒRTOL NEGRO,ALARÓ VÒLEI LIVING BLUE,2 - 1,25-21/25-20/13-25,,https://www.voleibolib.net/pdf.asp?o=81626.jpeg,jpeg,81626
8010,ALEVIN FEMENINO 4X4,GRUP B,4,INNOVA CIDE PALMA GROC,ALARÓ VÒLEI LIVING BLUE,0 - 3,18-25/22-25/19-25,,https://www.voleibolib.net/pdf.asp?o=81628.jpg,jpg,81628
8010,ALEVIN FEMENINO 4X4,GRUP B,5,FRAU CV. PÒRTOL NEGRO,CAFE NOU ESPORLES VC,3 - 0,25-17/25-12/26-24,,https://www.voleibolib.net/pdf.asp?o=81631.jpeg,jpeg,81631
8010,ALEVIN FEMENINO 4X4,GRUP B,5,ALARÓ VÒLEI LIVING BLUE,CV SANT JOSEP,3 - 0,25-16/25-12/25-9,,https://www.voleibolib.net/pdf.asp?o=81632.jpeg,jpeg,81632
8011,ALEVIN FEMENINO 4X4,GRUP C,1,ALARÓ VÒLEI JAIME NAVARRO MATERIALS,CVS PINTURES ALEMANY BALLESTER SOLLER,3 - 0,25-15/25-8/25-11,,https://www.voleibolib.net/pdf.asp?o=81633.jpeg,jpeg,81633
8011,ALEVIN FEMENINO 4X4,GRUP C,2,ALARÓ VÒLEI JAIME NAVARRO MATERIALS,RAFAL VELL VERD,3 - 0,25-15/25-10/25-5,,https://www.voleibolib.net/pdf.asp?o=81636.jpg,jpg,81636
8011,ALEVIN FEMENINO 4X4,GRUP C,2,CVS PINTURES ALEMANY BALLESTER SOLLER,TRANSILLES CV PORTOL ROJO,3 - 0,25-18/25-7/25-17,,https://www.voleibolib.net/pdf.asp?o=81637.jpg,jpg,81637
8011,ALEVIN FEMENINO 4X4,GRUP C,3,RAFAL VELL VERD,CVS PINTURES ALEMANY BALLESTER SOLLER,1 - 2,25-16/21-25/17-25,,https://www.voleibolib.net/pdf.asp?o=81639.jpg,jpg,81639
8011,ALEVIN FEMENINO 4X4,GRUP C,3,TRANSILLES CV PORTOL ROJO,BENZINERA ES PINETO ESPORLES VC,0 - 3,6-25/9-25/9-25,,https://www.voleibolib.net/pdf.asp?o=81641.jpeg,jpeg,81641
8011,ALEVIN FEMENINO 4X4,GRUP C,4,CVS PINTURES ALEMANY BALLESTER SOLLER,BENZINERA ES PINETO ESPORLES VC,0 - 3,5-25/14-25/10-25,,https://www.voleibolib.net/pdf.asp?o=81643.jpg,jpg,81643
8011,ALEVIN FEMENINO 4X4,GRUP C,4,ALARÓ VÒLEI JAIME NAVARRO MATERIALS,TRANSILLES CV PORTOL ROJO,3 - 0,25-6/25-12/25-11,,https://www.voleibolib.net/pdf.asp?o=81644.jpg,jpg,81644
8011,ALEVIN FEMENINO 4X4,GRUP C,5,TRANSILLES CV PORTOL ROJO,RAFAL VELL VERD,1 - 2,25-18/10-25/16-25,,https://www.voleibolib.net/pdf.asp?o=81646.jpeg,jpeg,81646
8011,ALEVIN FEMENINO 4X4,GRUP C,5,BENZINERA ES PINETO ESPORLES VC,ALARÓ VÒLEI JAIME NAVARRO MATERIALS,3 - 0,25-14/25-11/25-12,,https://www.voleibolib.net/pdf.asp?o=81647.jpg,jpg,81647
8012,ALEVIN FEMENINO 4X4,GRUP D,1,AMALTEA VIAJES ESPORLES VC,COSTA I LLOBERA CV. PÒRTOL,3 - 0,25-5/25-13/25-9,,https://www.voleibolib.net/pdf.asp?o=81648.jpg,jpg,81648
8012,ALEVIN FEMENINO 4X4,GRUP D,1,RAFAL VELL,ALARÓ VÒLEI SES BRUIXETES,2 - 1,24-26/25-3/25-15,,https://www.voleibolib.net/pdf.asp?o=81650.jpg,jpg,81650
8012,ALEVIN FEMENINO 4X4,GRUP D,2,COSTA I LLOBERA CV. PÒRTOL,ALARÓ VÒLEI SES BRUIXETES,1 - 2,23-25/16-25/25-18,,https://www.voleibolib.net/pdf.asp?o=81652.jpeg,jpeg,81652
8012,ALEVIN FEMENINO 4X4,GRUP D,2,CVS PISCINAS Y MANTENIMIENTO MALLORCA,RAFAL VELL,1 - 2,17-25/12-25/25-20,,https://www.voleibolib.net/pdf.asp?o=81653.jpg,jpg,81653
8012,ALEVIN FEMENINO 4X4,GRUP D,3,RAFAL VELL,AMALTEA VIAJES ESPORLES VC,0 - 3,17-25/9-25/14-25,,https://www.voleibolib.net/pdf.asp?o=81655.jpg,jpg,81655
8012,ALEVIN FEMENINO 4X4,GRUP D,3,ALARÓ VÒLEI SES BRUIXETES,CVS PISCINAS Y MANTENIMIENTO MALLORCA,1 - 2,14-25/25-19/20-25,,https://www.voleibolib.net/pdf.asp?o=81656.jpeg,jpeg,81656
8012,ALEVIN FEMENINO 4X4,GRUP D,4,COSTA I LLOBERA CV. PÒRTOL,CVS PISCINAS Y MANTENIMIENTO MALLORCA,1 - 2,17-25/25-7/12-25,,https://www.voleibolib.net/pdf.asp?o=81658.jpeg,jpeg,81658
8012,ALEVIN FEMENINO 4X4,GRUP D,4,AMALTEA VIAJES ESPORLES VC,ALARÓ VÒLEI SES BRUIXETES,3 - 0,25-12/25-8/25-12,,https://www.voleibolib.net/pdf.asp?o=81659.jpg,jpg,81659
8012,ALEVIN FEMENINO 4X4,GRUP D,5,RAFAL VELL,COSTA I LLOBERA CV. PÒRTOL,2 - 1,10-25/25-10/25-11,,https://www.voleibolib.net/pdf.asp?o=81660.jpg,jpg,81660
8012,ALEVIN FEMENINO 4X4,GRUP D,5,CVS PISCINAS Y MANTENIMIENTO MALLORCA,AMALTEA VIAJES ESPORLES VC,0 - 3,2-25/5-25/10-25,,https://www.voleibolib.net/pdf.asp?o=81662.jpg,jpg,81662
8013,ALEVIN FEMENINO 4X4,GRUP E,1,SON TORRAT VOLEI PETRA,ALGAIDA V.C GROC,1 - 2,21-25/19-25/25-22,,https://www.voleibolib.net/pdf.asp?o=81663.jpg,jpg,81663
8013,ALEVIN FEMENINO 4X4,GRUP E,1,S&#39;ALTELL CV VILAFRANCA,Ses Tres Forquetes Artà,3 - 0,25-10/25-16/25-23,,https://www.voleibolib.net/pdf.asp?o=81664.jpeg,jpeg,81664
8013,ALEVIN FEMENINO 4X4,GRUP E,2,SON TORRAT VOLEI PETRA,S&#39;ALTELL CV VILAFRANCA,2 - 1,25-11/22-25/25-11,,https://www.voleibolib.net/pdf.asp?o=81666.jpg,jpg,81666
8013,ALEVIN FEMENINO 4X4,GRUP E,2,ALGAIDA V.C GROC,CV POLLENÇA ALEVÍ ROSA,3 - 0,25-7/25-15/25-21,,https://www.voleibolib.net/pdf.asp?o=81667.jpeg,jpeg,81667
8013,ALEVIN FEMENINO 4X4,GRUP E,3,S&#39;ALTELL CV VILAFRANCA,ALGAIDA V.C GROC,0 - 3,18-25/7-25/10-25,,https://www.voleibolib.net/pdf.asp?o=81669.HEIC,heic,81669
8013,ALEVIN FEMENINO 4X4,GRUP E,3,CV POLLENÇA ALEVÍ ROSA,Ses Tres Forquetes Artà,2 - 1,25-15/25-10/23-25,,https://www.voleibolib.net/pdf.asp?o=81671.jpg,jpg,81671
8013,ALEVIN FEMENINO 4X4,GRUP E,4,ALGAIDA V.C GROC,Ses Tres Forquetes Artà,3 - 0,25-17/25-14/25-13,,https://www.voleibolib.net/pdf.asp?o=81673.jpeg,jpeg,81673
8013,ALEVIN FEMENINO 4X4,GRUP E,4,SON TORRAT VOLEI PETRA,CV POLLENÇA ALEVÍ ROSA,3 - 0,25-15/25-14/25-20,,https://www.voleibolib.net/pdf.asp?o=81674.jpg,jpg,81674
8013,ALEVIN FEMENINO 4X4,GRUP E,5,CV POLLENÇA ALEVÍ ROSA,S&#39;ALTELL CV VILAFRANCA,1 - 2,22-25/18-25/26-24,,https://www.voleibolib.net/pdf.asp?o=81676.jpg,jpg,81676
8013,ALEVIN FEMENINO 4X4,GRUP E,5,Ses Tres Forquetes Artà,SON TORRAT VOLEI PETRA,0 - 3,12-25/26-28/9-25,,https://www.voleibolib.net/pdf.asp?o=81677.png,png,81677
8015,ALEVIN FEMENINO 4X4,GRUP F,1,ALGAIDA VC VERD,PROJECTE 9 IMMOBILIÀRIA CV VILAFRANCA,3 - 0,25-9/25-13/25-16,,https://www.voleibolib.net/pdf.asp?o=81679.jpeg,jpeg,81679
8015,ALEVIN FEMENINO 4X4,GRUP F,1,CONTRUCCIONS TG ARTÀ,ESCOLA VOLEIBOL SANT JOAN- VERMELL,0 - 3,5-25/7-25/10-25,,https://www.voleibolib.net/pdf.asp?o=81680.jpg,jpg,81680
8015,ALEVIN FEMENINO 4X4,GRUP F,2,BAR TREBOL CV MANACOR,ALGAIDA VC VERD,0 - 3,19-25/17-25/20-25,,https://www.voleibolib.net/pdf.asp?o=81681.jpeg,jpeg,81681
8015,ALEVIN FEMENINO 4X4,GRUP F,2,PROJECTE 9 IMMOBILIÀRIA CV VILAFRANCA,CONTRUCCIONS TG ARTÀ,0 - 3,9-25/14-25/5-25,,https://www.voleibolib.net/pdf.asp?o=81683.jpeg,jpeg,81683
8015,ALEVIN FEMENINO 4X4,GRUP F,3,CONTRUCCIONS TG ARTÀ,BAR TREBOL CV MANACOR,3 - 0,25-12/25-21/27-25,,https://www.voleibolib.net/pdf.asp?o=81685.png,png,81685
8015,ALEVIN FEMENINO 4X4,GRUP F,3,ESCOLA VOLEIBOL SANT JOAN- VERMELL,PROJECTE 9 IMMOBILIÀRIA CV VILAFRANCA,3 - 0,25-8/25-3/25-5,,https://www.voleibolib.net/pdf.asp?o=81686.jpg,jpg,81686
8015,ALEVIN FEMENINO 4X4,GRUP F,4,ALGAIDA VC VERD,CONTRUCCIONS TG ARTÀ,3 - 0,25-14/25-18/25-14,,https://www.voleibolib.net/pdf.asp?o=81687.jpeg,jpeg,81687
8015,ALEVIN FEMENINO 4X4,GRUP F,4,BAR TREBOL CV MANACOR,ESCOLA VOLEIBOL SANT JOAN- VERMELL,0 - 3,6-25/9-25/4-25,,https://www.voleibolib.net/pdf.asp?o=81689.jpeg,jpeg,81689
8015,ALEVIN FEMENINO 4X4,GRUP F,5,ESCOLA VOLEIBOL SANT JOAN- VERMELL,ALGAIDA VC VERD,3 - 0,25-5/25-9/25-16,,https://www.voleibolib.net/pdf.asp?o=81691.jpeg,jpeg,81691
8015,ALEVIN FEMENINO 4X4,GRUP F,5,PROJECTE 9 IMMOBILIÀRIA CV VILAFRANCA,BAR TREBOL CV MANACOR,0 - 3,13-25/24-26/19-25,,https://www.voleibolib.net/pdf.asp?o=81692.jpeg,jpeg,81692
8017,ALEVIN FEMENINO 4X4,GRUP G,1,C´AN GARANYA CV MANACOR,MALLORCA SEA PARADISE -CVSS,0 - 3,15-25/17-25/19-25,,https://www.voleibolib.net/pdf.asp?o=81708.jpeg,jpeg,81708
8017,ALEVIN FEMENINO 4X4,GRUP G,1,LLORENÇ BAUÇÀ CONSTRUCCIONS ARTÀ,CAMPOS ALEVÍ FEMENI,3 - 0,25-16/25-16/25-11,,https://www.voleibolib.net/pdf.asp?o=81710.JPG,jpg,81710
8017,ALEVIN FEMENINO 4X4,GRUP G,2,C´AN GARANYA CV MANACOR,CLINICA DENTOFACIAL PIZA ALGAIDA V.C.,0 - 3,4-25/9-25/16-25,,https://www.voleibolib.net/pdf.asp?o=81711.jpeg,jpeg,81711
8017,ALEVIN FEMENINO 4X4,GRUP G,3,CLINICA DENTOFACIAL PIZA ALGAIDA V.C.,MALLORCA SEA PARADISE -CVSS,3 - 0,25-14/25-10/25-17,,https://www.voleibolib.net/pdf.asp?o=81714.jpeg,jpeg,81714
8017,ALEVIN FEMENINO 4X4,GRUP G,3,LLORENÇ BAUÇÀ CONSTRUCCIONS ARTÀ,C´AN GARANYA CV MANACOR,3 - 0,25-23/25-10/25-20,,https://www.voleibolib.net/pdf.asp?o=81715.JPG,jpg,81715
8017,ALEVIN FEMENINO 4X4,GRUP G,4,CLINICA DENTOFACIAL PIZA ALGAIDA V.C.,LLORENÇ BAUÇÀ CONSTRUCCIONS ARTÀ,3 - 0,25-11/25-11/25-13,,https://www.voleibolib.net/pdf.asp?o=81717.jpeg,jpeg,81717
8017,ALEVIN FEMENINO 4X4,GRUP G,4,C´AN GARANYA CV MANACOR,CAMPOS ALEVÍ FEMENI,2 - 1,25-13/21-25/25-7,,https://www.voleibolib.net/pdf.asp?o=81719.jpeg,jpeg,81719
8017,ALEVIN FEMENINO 4X4,GRUP G,5,LLORENÇ BAUÇÀ CONSTRUCCIONS ARTÀ,MALLORCA SEA PARADISE -CVSS,1 - 2,12-25/22-25/25-21,,https://www.voleibolib.net/pdf.asp?o=81720.JPG,jpg,81720
8017,ALEVIN FEMENINO 4X4,GRUP G,5,CAMPOS ALEVÍ FEMENI,CLINICA DENTOFACIAL PIZA ALGAIDA V.C.,0 - 3,6-25/6-25/11-25,,https://www.voleibolib.net/pdf.asp?o=81721.jpeg,jpeg,81721
8016,ALEVIN FEMENINO 4X4,GRUP H,1,CV POLLENÇA GROC,PINTURES SALVADOR FR VOLEI PETRA,3 - 0,25-6/25-15/25-12,,https://www.voleibolib.net/pdf.asp?o=81694.jpg,jpg,81694
8016,ALEVIN FEMENINO 4X4,GRUP H,1,IIF ARTÀ,MUNAR FULLANA ALGAIDA V.C.,1 - 2,25-23/19-25/18-25,,https://www.voleibolib.net/pdf.asp?o=81695.JPG,jpg,81695
8016,ALEVIN FEMENINO 4X4,GRUP H,2,BAR INTENSIU VOLEI MURO,CV POLLENÇA GROC,0 - 3,16-25/8-25/13-25,,https://www.voleibolib.net/pdf.asp?o=81696.jpeg,jpeg,81696
8016,ALEVIN FEMENINO 4X4,GRUP H,2,ESCOLA VOLEIBOL SANT JOAN- BLANC,MUNAR FULLANA ALGAIDA V.C.,3 - 0,25-11/25-9/25-12,,https://www.voleibolib.net/pdf.asp?o=81697.jpg,jpg,81697
8016,ALEVIN FEMENINO 4X4,GRUP H,2,PINTURES SALVADOR FR VOLEI PETRA,IIF ARTÀ,1 - 2,25-17/18-25/17-25,,https://www.voleibolib.net/pdf.asp?o=81698.jpg,jpg,81698
8016,ALEVIN FEMENINO 4X4,GRUP H,3,CV POLLENÇA GROC,ESCOLA VOLEIBOL SANT JOAN- BLANC,2 - 1,25-23/20-25/25-23,,https://www.voleibolib.net/pdf.asp?o=81699.jpg,jpg,81699
8016,ALEVIN FEMENINO 4X4,GRUP H,3,IIF ARTÀ,BAR INTENSIU VOLEI MURO,1 - 2,22-25/25-22/14-25,,https://www.voleibolib.net/pdf.asp?o=81700.JPG,jpg,81700
8016,ALEVIN FEMENINO 4X4,GRUP H,3,MUNAR FULLANA ALGAIDA V.C.,PINTURES SALVADOR FR VOLEI PETRA,0 - 3,14-25/19-25/23-25,,https://www.voleibolib.net/pdf.asp?o=81701.jpeg,jpeg,81701
8016,ALEVIN FEMENINO 4X4,GRUP H,4,CV POLLENÇA GROC,IIF ARTÀ,3 - 0,25-3/25-14/25-12,,https://www.voleibolib.net/pdf.asp?o=81702.jpg,jpg,81702
8016,ALEVIN FEMENINO 4X4,GRUP H,4,ESCOLA VOLEIBOL SANT JOAN- BLANC,PINTURES SALVADOR FR VOLEI PETRA,3 - 0,25-15/25-13/25-4,,https://www.voleibolib.net/pdf.asp?o=81703.jpg,jpg,81703
8016,ALEVIN FEMENINO 4X4,GRUP H,5,IIF ARTÀ,ESCOLA VOLEIBOL SANT JOAN- BLANC,0 - 3,14-25/6-25/19-25,,https://www.voleibolib.net/pdf.asp?o=81705.jpg,jpg,81705
8016,ALEVIN FEMENINO 4X4,GRUP H,5,MUNAR FULLANA ALGAIDA V.C.,CV POLLENÇA GROC,0 - 3,7-25/8-25/14-25,,https://www.voleibolib.net/pdf.asp?o=81706.jpeg,jpeg,81706
8016,ALEVIN FEMENINO 4X4,GRUP H,5,PINTURES SALVADOR FR VOLEI PETRA,BAR INTENSIU VOLEI MURO,0 - 3,20-25/24-26/14-25,,https://www.voleibolib.net/pdf.asp?o=81707.jpeg,jpeg,81707
8063,ALEVIN FEMENINO 4X4,BRONZE 1,1,CAFE NOU ESPORLES VC,PINTURES SALVADOR FR VOLEI PETRA,3 - 0,25-14/25-15/25-14,,https://www.voleibolib.net/pdf.asp?o=83720.jpg,jpg,83720
8063,ALEVIN FEMENINO 4X4,BRONZE 1,1,TRANSILLES CV PORTOL ROJO,Ses Tres Forquetes Artà,0 - 3,17-25/16-35/21-25,,https://www.voleibolib.net/pdf.asp?o=83721.jpeg,jpeg,83721
8063,ALEVIN FEMENINO 4X4,BRONZE 1,2,ANAYA MAYURQA VOLEY PALMA,CAFE NOU ESPORLES VC,1 - 2,21-25/27-29/25-12,,https://www.voleibolib.net/pdf.asp?o=83722.jpg,jpg,83722
8063,ALEVIN FEMENINO 4X4,BRONZE 1,2,PINTURES SALVADOR FR VOLEI PETRA,TRANSILLES CV PORTOL ROJO,3 - 0,25-6/25-21/25-18,,https://www.voleibolib.net/pdf.asp?o=83724.jpeg,jpeg,83724
8063,ALEVIN FEMENINO 4X4,BRONZE 1,3,TRANSILLES CV PORTOL ROJO,ANAYA MAYURQA VOLEY PALMA,0 - 3,6-25/6-25/8-25,,https://www.voleibolib.net/pdf.asp?o=83726.jpeg,jpeg,83726
8063,ALEVIN FEMENINO 4X4,BRONZE 1,3,Ses Tres Forquetes Artà,PINTURES SALVADOR FR VOLEI PETRA,2 - 1,25-18/25-23/25-27,,https://www.voleibolib.net/pdf.asp?o=83727.jpg,jpg,83727
8063,ALEVIN FEMENINO 4X4,BRONZE 1,4,CAFE NOU ESPORLES VC,TRANSILLES CV PORTOL ROJO,3 - 0,25-8/25-16/25-17,,https://www.voleibolib.net/pdf.asp?o=83728.jpg,jpg,83728
8063,ALEVIN FEMENINO 4X4,BRONZE 1,4,ANAYA MAYURQA VOLEY PALMA,Ses Tres Forquetes Artà,3 - 0,25-22/25-23/26-24,,https://www.voleibolib.net/pdf.asp?o=83730.jpeg,jpeg,83730
8063,ALEVIN FEMENINO 4X4,BRONZE 1,5,Ses Tres Forquetes Artà,CAFE NOU ESPORLES VC,0 - 3,20-25/4-25/25-27,,https://www.voleibolib.net/pdf.asp?o=83732.JPG,jpg,83732
8063,ALEVIN FEMENINO 4X4,BRONZE 1,5,PINTURES SALVADOR FR VOLEI PETRA,ANAYA MAYURQA VOLEY PALMA,2 - 1,10-25/26-24/25-20,,https://www.voleibolib.net/pdf.asp?o=83733.jpeg,jpeg,83733
8063,ALEVIN FEMENINO 4X4,BRONZE 1,6,PINTURES SALVADOR FR VOLEI PETRA,CAFE NOU ESPORLES VC,0 - 3,10-25/15-25/9-25,,https://www.voleibolib.net/pdf.asp?o=83735.jpg,jpg,83735
8063,ALEVIN FEMENINO 4X4,BRONZE 1,6,Ses Tres Forquetes Artà,TRANSILLES CV PORTOL ROJO,3 - 0,25-18/25-23/25-21,,https://www.voleibolib.net/pdf.asp?o=83736.JPG,jpg,83736
8063,ALEVIN FEMENINO 4X4,BRONZE 1,7,CAFE NOU ESPORLES VC,ANAYA MAYURQA VOLEY PALMA,1 - 2,25-10/14-25/16-25,,https://www.voleibolib.net/pdf.asp?o=83737.jpg,jpg,83737
8063,ALEVIN FEMENINO 4X4,BRONZE 1,7,TRANSILLES CV PORTOL ROJO,PINTURES SALVADOR FR VOLEI PETRA,0 - 3,8-25/12-25/6-25,,https://www.voleibolib.net/pdf.asp?o=83739.jpeg,jpeg,83739
8063,ALEVIN FEMENINO 4X4,BRONZE 1,8,ANAYA MAYURQA VOLEY PALMA,TRANSILLES CV PORTOL ROJO,3 - 0,25-5/25-22/25-9,,https://www.voleibolib.net/pdf.asp?o=83741.jpeg,jpeg,83741
8063,ALEVIN FEMENINO 4X4,BRONZE 1,8,PINTURES SALVADOR FR VOLEI PETRA,Ses Tres Forquetes Artà,2 - 1,10-25/26-24/25-20,,https://www.voleibolib.net/pdf.asp?o=83742.jpeg,jpeg,83742
8063,ALEVIN FEMENINO 4X4,BRONZE 1,9,TRANSILLES CV PORTOL ROJO,CAFE NOU ESPORLES VC,0 - 3,16-25/11-25/16-25,,https://www.voleibolib.net/pdf.asp?o=83743.jpeg,jpeg,83743
8063,ALEVIN FEMENINO 4X4,BRONZE 1,9,Ses Tres Forquetes Artà,ANAYA MAYURQA VOLEY PALMA,0 - 3,10-25/15-25/10-25,,https://www.voleibolib.net/pdf.asp?o=83745.JPG,jpg,83745
8063,ALEVIN FEMENINO 4X4,BRONZE 1,10,CAFE NOU ESPORLES VC,Ses Tres Forquetes Artà,2 - 1,26-24/27-29/25-16,,https://www.voleibolib.net/pdf.asp?o=83747.jpg,jpg,83747
8063,ALEVIN FEMENINO 4X4,BRONZE 1,10,ANAYA MAYURQA VOLEY PALMA,PINTURES SALVADOR FR VOLEI PETRA,3 - 0,25-12/25-18/25-17,,https://www.voleibolib.net/pdf.asp?o=83748.jpg,jpg,83748
8063,ALEVIN FEMENINO 4X4,BRONZE 1,11,Ses Tres Forquetes Artà,TRANSILLES CV PORTOL ROJO,3 - 0,25-11/25-18/25-16,,https://www.voleibolib.net/pdf.asp?o=83751.JPG,jpg,83751
8063,ALEVIN FEMENINO 4X4,BRONZE 1,12,CAFE NOU ESPORLES VC,ANAYA MAYURQA VOLEY PALMA,1 - 2,25-18/26-28/13-25,,https://www.voleibolib.net/pdf.asp?o=83752.jpg,jpg,83752
8063,ALEVIN FEMENINO 4X4,BRONZE 1,12,TRANSILLES CV PORTOL ROJO,PINTURES SALVADOR FR VOLEI PETRA,0 - 3,10-25/9-25/17-25,,https://www.voleibolib.net/pdf.asp?o=83754.jpeg,jpeg,83754
8063,ALEVIN FEMENINO 4X4,BRONZE 1,13,ANAYA MAYURQA VOLEY PALMA,TRANSILLES CV PORTOL ROJO,3 - 0,25-9/25-12/25-22,,https://www.voleibolib.net/pdf.asp?o=83756.jpeg,jpeg,83756
8063,ALEVIN FEMENINO 4X4,BRONZE 1,14,TRANSILLES CV PORTOL ROJO,CAFE NOU ESPORLES VC,0 - 3,7-25/7-25/11-25,,https://www.voleibolib.net/pdf.asp?o=83758.jpeg,jpeg,83758
8063,ALEVIN FEMENINO 4X4,BRONZE 1,14,Ses Tres Forquetes Artà,ANAYA MAYURQA VOLEY PALMA,0 - 3,11-25/22-25/16-25,,https://www.voleibolib.net/pdf.asp?o=83760.JPG,jpg,83760
8063,ALEVIN FEMENINO 4X4,BRONZE 1,15,CAFE NOU ESPORLES VC,Ses Tres Forquetes Artà,3 - 0,25-11/28-26/25-16,,https://www.voleibolib.net/pdf.asp?o=83762.jpg,jpg,83762
8063,ALEVIN FEMENINO 4X4,BRONZE 1,15,ANAYA MAYURQA VOLEY PALMA,PINTURES SALVADOR FR VOLEI PETRA,3 - 0,25-5/25-12/25-14,,https://www.voleibolib.net/pdf.asp?o=83763.jpg,jpg,83763
8064,ALEVIN FEMENINO 4X4,BRONZE 2,1,ALARÓ VÒLEI SES BRUIXETES,CAMPOS ALEVÍ FEMENI,3 - 0,25-12/25-23/25-14,,https://www.voleibolib.net/pdf.asp?o=83764.jpeg,jpeg,83764
8064,ALEVIN FEMENINO 4X4,BRONZE 2,1,RAFAL VELL VERD,PROJECTE 9 IMMOBILIÀRIA CV VILAFRANCA,2 - 1,25-22/21-25/25-17,,https://www.voleibolib.net/pdf.asp?o=83765.jpg,jpg,83765
8064,ALEVIN FEMENINO 4X4,BRONZE 2,1,MUNAR FULLANA ALGAIDA V.C.,CV SANT JOSEP,1 - 2,24-26/25-17/20-25,,https://www.voleibolib.net/pdf.asp?o=83766.jpeg,jpeg,83766
8064,ALEVIN FEMENINO 4X4,BRONZE 2,2,ALARÓ VÒLEI SES BRUIXETES,RAFAL VELL VERD,1 - 2,25-21/25-27/17-25,,https://www.voleibolib.net/pdf.asp?o=83767.jpg,jpg,83767
8064,ALEVIN FEMENINO 4X4,BRONZE 2,2,CAMPOS ALEVÍ FEMENI,CV SANT JOSEP,1 - 2,23-25/16-25/25-21,,https://www.voleibolib.net/pdf.asp?o=83768.jpg,jpg,83768
8064,ALEVIN FEMENINO 4X4,BRONZE 2,2,PROJECTE 9 IMMOBILIÀRIA CV VILAFRANCA,MUNAR FULLANA ALGAIDA V.C.,2 - 1,25-11/25-18/24-26,,https://www.voleibolib.net/pdf.asp?o=83769.heic,heic,83769
8064,ALEVIN FEMENINO 4X4,BRONZE 2,3,RAFAL VELL VERD,CAMPOS ALEVÍ FEMENI,3 - 0,26-24/25-18/25-15,,https://www.voleibolib.net/pdf.asp?o=83770.jpg,jpg,83770
8064,ALEVIN FEMENINO 4X4,BRONZE 2,3,MUNAR FULLANA ALGAIDA V.C.,ALARÓ VÒLEI SES BRUIXETES,0 - 3,12-25/5-25/21-25,,https://www.voleibolib.net/pdf.asp?o=83771.jpeg,jpeg,83771
8064,ALEVIN FEMENINO 4X4,BRONZE 2,3,CV SANT JOSEP,PROJECTE 9 IMMOBILIÀRIA CV VILAFRANCA,2 - 1,25-23/25-21/14-25,,https://www.voleibolib.net/pdf.asp?o=83772.jpeg,jpeg,83772
8064,ALEVIN FEMENINO 4X4,BRONZE 2,4,RAFAL VELL VERD,MUNAR FULLANA ALGAIDA V.C.,3 - 0,25-17/25-12/25-20,,https://www.voleibolib.net/pdf.asp?o=83773.jpg,jpg,83773
8064,ALEVIN FEMENINO 4X4,BRONZE 2,4,CAMPOS ALEVÍ FEMENI,PROJECTE 9 IMMOBILIÀRIA CV VILAFRANCA,1 - 2,25-10/18-25/9-25,,https://www.voleibolib.net/pdf.asp?o=83774.jpeg,jpeg,83774
8064,ALEVIN FEMENINO 4X4,BRONZE 2,4,ALARÓ VÒLEI SES BRUIXETES,CV SANT JOSEP,3 - 0,25-13/25-18/25-17,,https://www.voleibolib.net/pdf.asp?o=83775.jpeg,jpeg,83775
8064,ALEVIN FEMENINO 4X4,BRONZE 2,5,MUNAR FULLANA ALGAIDA V.C.,CAMPOS ALEVÍ FEMENI,1 - 2,20-25/22-25/26-24,,https://www.voleibolib.net/pdf.asp?o=83776.jpeg,jpeg,83776
8064,ALEVIN FEMENINO 4X4,BRONZE 2,5,CV SANT JOSEP,RAFAL VELL VERD,2 - 1,25-23/20-25/25-21,,https://www.voleibolib.net/pdf.asp?o=83777.jpeg,jpeg,83777
8064,ALEVIN FEMENINO 4X4,BRONZE 2,5,PROJECTE 9 IMMOBILIÀRIA CV VILAFRANCA,ALARÓ VÒLEI SES BRUIXETES,2 - 1,14-25/25-18/25-19,,https://www.voleibolib.net/pdf.asp?o=83778.jpeg,jpeg,83778
8064,ALEVIN FEMENINO 4X4,BRONZE 2,6,CAMPOS ALEVÍ FEMENI,ALARÓ VÒLEI SES BRUIXETES,0 - 3,20-25/18-25/18-25,,https://www.voleibolib.net/pdf.asp?o=83779.jpeg,jpeg,83779
8064,ALEVIN FEMENINO 4X4,BRONZE 2,6,PROJECTE 9 IMMOBILIÀRIA CV VILAFRANCA,RAFAL VELL VERD,0 - 3,18-25/16-25/14-25,,https://www.voleibolib.net/pdf.asp?o=83780.jpg,jpg,83780
8064,ALEVIN FEMENINO 4X4,BRONZE 2,6,CV SANT JOSEP,MUNAR FULLANA ALGAIDA V.C.,2 - 1,25-15/25-16/20-25,,https://www.voleibolib.net/pdf.asp?o=83781.jpeg,jpeg,83781
8064,ALEVIN FEMENINO 4X4,BRONZE 2,7,RAFAL VELL VERD,ALARÓ VÒLEI SES BRUIXETES,2 - 1,25-22/18-25/25-20,,https://www.voleibolib.net/pdf.asp?o=83782.jpg,jpg,83782
8064,ALEVIN FEMENINO 4X4,BRONZE 2,7,CV SANT JOSEP,CAMPOS ALEVÍ FEMENI,2 - 1,25-22/17-25/25-15,,https://www.voleibolib.net/pdf.asp?o=83783.jpeg,jpeg,83783
8064,ALEVIN FEMENINO 4X4,BRONZE 2,7,MUNAR FULLANA ALGAIDA V.C.,PROJECTE 9 IMMOBILIÀRIA CV VILAFRANCA,2 - 1,25-15/9-25/25-18,,https://www.voleibolib.net/pdf.asp?o=83784.jpeg,jpeg,83784
8064,ALEVIN FEMENINO 4X4,BRONZE 2,8,CAMPOS ALEVÍ FEMENI,RAFAL VELL VERD,1 - 2,25-23/15-25/8-25,,https://www.voleibolib.net/pdf.asp?o=83785.jpeg,jpeg,83785
8064,ALEVIN FEMENINO 4X4,BRONZE 2,8,ALARÓ VÒLEI SES BRUIXETES,MUNAR FULLANA ALGAIDA V.C.,3 - 0,25-13/25-9/25-12,,https://www.voleibolib.net/pdf.asp?o=83786.jpeg,jpeg,83786
8064,ALEVIN FEMENINO 4X4,BRONZE 2,8,PROJECTE 9 IMMOBILIÀRIA CV VILAFRANCA,CV SANT JOSEP,2 - 1,26-24/25-18/12-25,,https://www.voleibolib.net/pdf.asp?o=83787.jpeg,jpeg,83787
8064,ALEVIN FEMENINO 4X4,BRONZE 2,9,MUNAR FULLANA ALGAIDA V.C.,RAFAL VELL VERD,1 - 2,25-21/20-25/15-25,,https://www.voleibolib.net/pdf.asp?o=83788.jpeg,jpeg,83788
8064,ALEVIN FEMENINO 4X4,BRONZE 2,9,PROJECTE 9 IMMOBILIÀRIA CV VILAFRANCA,CAMPOS ALEVÍ FEMENI,2 - 1,25-13/25-18/9-25,,https://www.voleibolib.net/pdf.asp?o=83789.jpeg,jpeg,83789
8064,ALEVIN FEMENINO 4X4,BRONZE 2,9,CV SANT JOSEP,ALARÓ VÒLEI SES BRUIXETES,1 - 2,21-25/18-25/25-20,,https://www.voleibolib.net/pdf.asp?o=83790.jpeg,jpeg,83790
8064,ALEVIN FEMENINO 4X4,BRONZE 2,10,CAMPOS ALEVÍ FEMENI,MUNAR FULLANA ALGAIDA V.C.,2 - 1,27-29/25-22/25-11,,https://www.voleibolib.net/pdf.asp?o=83791.jpeg,jpeg,83791
8064,ALEVIN FEMENINO 4X4,BRONZE 2,10,RAFAL VELL VERD,CV SANT JOSEP,2 - 1,25-27/25-16/25-12,,https://www.voleibolib.net/pdf.asp?o=83792.jpg,jpg,83792
8064,ALEVIN FEMENINO 4X4,BRONZE 2,10,ALARÓ VÒLEI SES BRUIXETES,PROJECTE 9 IMMOBILIÀRIA CV VILAFRANCA,2 - 1,25-9/25-20/20-25,,https://www.voleibolib.net/pdf.asp?o=83793.jpeg,jpeg,83793
8064,ALEVIN FEMENINO 4X4,BRONZE 2,11,CAMPOS ALEVÍ FEMENI,ALARÓ VÒLEI SES BRUIXETES,1 - 2,25-23/9-25/20-25,,https://www.voleibolib.net/pdf.asp?o=83794.jpeg,jpeg,83794
8064,ALEVIN FEMENINO 4X4,BRONZE 2,11,PROJECTE 9 IMMOBILIÀRIA CV VILAFRANCA,RAFAL VELL VERD,0 - 3,11-25/9-25/18-25,,https://www.voleibolib.net/pdf.asp?o=83795.jpeg,jpeg,83795
8064,ALEVIN FEMENINO 4X4,BRONZE 2,11,CV SANT JOSEP,MUNAR FULLANA ALGAIDA V.C.,1 - 2,23-25/26-28/25-10,,https://www.voleibolib.net/pdf.asp?o=83796.jpeg,jpeg,83796
8064,ALEVIN FEMENINO 4X4,BRONZE 2,12,RAFAL VELL VERD,ALARÓ VÒLEI SES BRUIXETES,2 - 1,12-25/25-10/25-23,,https://www.voleibolib.net/pdf.asp?o=83797.jpg,jpg,83797
8064,ALEVIN FEMENINO 4X4,BRONZE 2,12,MUNAR FULLANA ALGAIDA V.C.,PROJECTE 9 IMMOBILIÀRIA CV VILAFRANCA,0 - 3,26-28/8-25/9-25,,https://www.voleibolib.net/pdf.asp?o=83799.jpeg,jpeg,83799
8064,ALEVIN FEMENINO 4X4,BRONZE 2,13,CAMPOS ALEVÍ FEMENI,RAFAL VELL VERD,1 - 2,25-22/14-25/17-25,,https://www.voleibolib.net/pdf.asp?o=83800.jpeg,jpeg,83800
8064,ALEVIN FEMENINO 4X4,BRONZE 2,13,ALARÓ VÒLEI SES BRUIXETES,MUNAR FULLANA ALGAIDA V.C.,2 - 1,22-25/25-10/25-16,,https://www.voleibolib.net/pdf.asp?o=83801.jpeg,jpeg,83801
8064,ALEVIN FEMENINO 4X4,BRONZE 2,13,PROJECTE 9 IMMOBILIÀRIA CV VILAFRANCA,CV SANT JOSEP,2 - 1,25-20/11-25/35-33,,https://www.voleibolib.net/pdf.asp?o=83802.jpeg,jpeg,83802
8064,ALEVIN FEMENINO 4X4,BRONZE 2,14,MUNAR FULLANA ALGAIDA V.C.,RAFAL VELL VERD,0 - 3,21-25/22-25/12-25,,https://www.voleibolib.net/pdf.asp?o=83803.jpeg,jpeg,83803
8064,ALEVIN FEMENINO 4X4,BRONZE 2,14,PROJECTE 9 IMMOBILIÀRIA CV VILAFRANCA,CAMPOS ALEVÍ FEMENI,3 - 0,25-18/25-23/25-13,,https://www.voleibolib.net/pdf.asp?o=83804.jpeg,jpeg,83804
8064,ALEVIN FEMENINO 4X4,BRONZE 2,14,CV SANT JOSEP,ALARÓ VÒLEI SES BRUIXETES,2 - 1,25-20/15-25/25-15,,https://www.voleibolib.net/pdf.asp?o=83805.jpeg,jpeg,83805
8064,ALEVIN FEMENINO 4X4,BRONZE 2,15,CAMPOS ALEVÍ FEMENI,MUNAR FULLANA ALGAIDA V.C.,3 - 0,25-22/25-12/25-18,,https://www.voleibolib.net/pdf.asp?o=83806.jpeg,jpeg,83806
8064,ALEVIN FEMENINO 4X4,BRONZE 2,15,RAFAL VELL VERD,CV SANT JOSEP,3 - 0,25-22/25-22/26-24,,https://www.voleibolib.net/pdf.asp?o=83807.jpg,jpg,83807
8064,ALEVIN FEMENINO 4X4,BRONZE 2,15,ALARÓ VÒLEI SES BRUIXETES,PROJECTE 9 IMMOBILIÀRIA CV VILAFRANCA,2 - 1,19-25/25-18/25-21,,https://www.voleibolib.net/pdf.asp?o=83808.jpeg,jpeg,83808
8065,ALEVIN FEMENINO 4X4,BRONZE 3,1,C´AN GARANYA CV MANACOR,BAR TREBOL CV MANACOR,0 - 3,19-25/15-25/18-25,,https://www.voleibolib.net/pdf.asp?o=83809.jpeg,jpeg,83809
8065,ALEVIN FEMENINO 4X4,BRONZE 3,1,CV POLLENÇA ALEVÍ ROSA,IIF ARTÀ,3 - 0,25-14/25-23/25-19,,https://www.voleibolib.net/pdf.asp?o=83810.jpg,jpg,83810
8065,ALEVIN FEMENINO 4X4,BRONZE 3,1,COSTA I LLOBERA CV. PÒRTOL,SAN CAYETANO,3 - 0,25-8/25-18/25-8,,https://www.voleibolib.net/pdf.asp?o=83811.jpeg,jpeg,83811
8065,ALEVIN FEMENINO 4X4,BRONZE 3,2,C´AN GARANYA CV MANACOR,CV POLLENÇA ALEVÍ ROSA,0 - 3,21-25/23-25/22-25,,https://www.voleibolib.net/pdf.asp?o=83812.jpeg,jpeg,83812
8065,ALEVIN FEMENINO 4X4,BRONZE 3,2,BAR TREBOL CV MANACOR,SAN CAYETANO,3 - 0,25-6/25-14/25-4,,https://www.voleibolib.net/pdf.asp?o=83813.jpeg,jpeg,83813
8065,ALEVIN FEMENINO 4X4,BRONZE 3,2,IIF ARTÀ,COSTA I LLOBERA CV. PÒRTOL,0 - 3,18-25/11-25/19-25,,https://www.voleibolib.net/pdf.asp?o=83814.jpeg,jpeg,83814
8065,ALEVIN FEMENINO 4X4,BRONZE 3,3,CV POLLENÇA ALEVÍ ROSA,BAR TREBOL CV MANACOR,2 - 1,25-17/20-25/25-17,,https://www.voleibolib.net/pdf.asp?o=83815.jpg,jpg,83815
8065,ALEVIN FEMENINO 4X4,BRONZE 3,3,COSTA I LLOBERA CV. PÒRTOL,C´AN GARANYA CV MANACOR,3 - 0,25-15/26-24/25-18,,https://www.voleibolib.net/pdf.asp?o=83816.jpeg,jpeg,83816
8065,ALEVIN FEMENINO 4X4,BRONZE 3,3,SAN CAYETANO,IIF ARTÀ,1 - 2,22-25/22-25/25-17,,https://www.voleibolib.net/pdf.asp?o=83817.jpg,jpg,83817
8065,ALEVIN FEMENINO 4X4,BRONZE 3,4,CV POLLENÇA ALEVÍ ROSA,COSTA I LLOBERA CV. PÒRTOL,0 - 3,14-25/19-25/12-25,,https://www.voleibolib.net/pdf.asp?o=83818.jpg,jpg,83818
8065,ALEVIN FEMENINO 4X4,BRONZE 3,4,BAR TREBOL CV MANACOR,IIF ARTÀ,3 - 0,25-4/25-20/25-13,,https://www.voleibolib.net/pdf.asp?o=83819.jpeg,jpeg,83819
8065,ALEVIN FEMENINO 4X4,BRONZE 3,4,C´AN GARANYA CV MANACOR,SAN CAYETANO,3 - 0,25-8/25-11/25-15,,https://www.voleibolib.net/pdf.asp?o=83820.jpg,jpg,83820
8065,ALEVIN FEMENINO 4X4,BRONZE 3,5,COSTA I LLOBERA CV. PÒRTOL,BAR TREBOL CV MANACOR,1 - 2,20-25/25-21/11-25,,https://www.voleibolib.net/pdf.asp?o=83821.jpeg,jpeg,83821
8065,ALEVIN FEMENINO 4X4,BRONZE 3,5,SAN CAYETANO,CV POLLENÇA ALEVÍ ROSA,0 - 3,8-25/12-25/17-25,,https://www.voleibolib.net/pdf.asp?o=83822.jpg,jpg,83822
8065,ALEVIN FEMENINO 4X4,BRONZE 3,5,IIF ARTÀ,C´AN GARANYA CV MANACOR,2 - 1,25-19/6-25/25-20,,https://www.voleibolib.net/pdf.asp?o=83823.JPG,jpg,83823
8065,ALEVIN FEMENINO 4X4,BRONZE 3,6,BAR TREBOL CV MANACOR,C´AN GARANYA CV MANACOR,3 - 0,25-17/25-20/25-15,,https://www.voleibolib.net/pdf.asp?o=83824.jpeg,jpeg,83824
8065,ALEVIN FEMENINO 4X4,BRONZE 3,6,IIF ARTÀ,CV POLLENÇA ALEVÍ ROSA,1 - 2,13-25/9-25/25-15,,https://www.voleibolib.net/pdf.asp?o=83825.jpg,jpg,83825
8065,ALEVIN FEMENINO 4X4,BRONZE 3,6,SAN CAYETANO,COSTA I LLOBERA CV. PÒRTOL,1 - 2,13-25/29-25/15-25,,https://www.voleibolib.net/pdf.asp?o=83826.jpg,jpg,83826
8065,ALEVIN FEMENINO 4X4,BRONZE 3,7,CV POLLENÇA ALEVÍ ROSA,C´AN GARANYA CV MANACOR,2 - 1,25-15/26-28/25-15,,https://www.voleibolib.net/pdf.asp?o=83827.jpg,jpg,83827
8065,ALEVIN FEMENINO 4X4,BRONZE 3,7,SAN CAYETANO,BAR TREBOL CV MANACOR,0 - 3,6-25/10-25/13-25,,https://www.voleibolib.net/pdf.asp?o=83828.jpg,jpg,83828
8065,ALEVIN FEMENINO 4X4,BRONZE 3,7,COSTA I LLOBERA CV. PÒRTOL,IIF ARTÀ,3 - 0,25-16/25-12/25-12,,https://www.voleibolib.net/pdf.asp?o=83829.jpeg,jpeg,83829
8065,ALEVIN FEMENINO 4X4,BRONZE 3,8,BAR TREBOL CV MANACOR,CV POLLENÇA ALEVÍ ROSA,1 - 2,22-25/25-14/7-25,,https://www.voleibolib.net/pdf.asp?o=83830.jpeg,jpeg,83830
8065,ALEVIN FEMENINO 4X4,BRONZE 3,8,C´AN GARANYA CV MANACOR,COSTA I LLOBERA CV. PÒRTOL,1 - 2,19-25/11-25/25-22,,https://www.voleibolib.net/pdf.asp?o=83831.jpeg,jpeg,83831
8065,ALEVIN FEMENINO 4X4,BRONZE 3,8,IIF ARTÀ,SAN CAYETANO,2 - 1,25-27/25-16/25-16,,https://www.voleibolib.net/pdf.asp?o=83832.jpeg,jpeg,83832
8065,ALEVIN FEMENINO 4X4,BRONZE 3,9,COSTA I LLOBERA CV. PÒRTOL,CV POLLENÇA ALEVÍ ROSA,1 - 2,21-25/25-11/26-28,,https://www.voleibolib.net/pdf.asp?o=83833.jpeg,jpeg,83833
8065,ALEVIN FEMENINO 4X4,BRONZE 3,9,IIF ARTÀ,BAR TREBOL CV MANACOR,0 - 3,4-25/17-25/21-25,,https://www.voleibolib.net/pdf.asp?o=83834.JPG,jpg,83834
8065,ALEVIN FEMENINO 4X4,BRONZE 3,9,SAN CAYETANO,C´AN GARANYA CV MANACOR,0 - 3,14-25/21-25/22-25,,https://www.voleibolib.net/pdf.asp?o=83835.png,png,83835
8065,ALEVIN FEMENINO 4X4,BRONZE 3,10,BAR TREBOL CV MANACOR,COSTA I LLOBERA CV. PÒRTOL,2 - 1,23-25/25-19/26-24,,https://www.voleibolib.net/pdf.asp?o=83836.jpeg,jpeg,83836
8065,ALEVIN FEMENINO 4X4,BRONZE 3,10,CV POLLENÇA ALEVÍ ROSA,SAN CAYETANO,3 - 0,25-12/29-27/25-16,,https://www.voleibolib.net/pdf.asp?o=83837.jpg,jpg,83837
8065,ALEVIN FEMENINO 4X4,BRONZE 3,10,C´AN GARANYA CV MANACOR,IIF ARTÀ,1 - 2,25-17/17-25/25-27,,https://www.voleibolib.net/pdf.asp?o=83838.jpeg,jpeg,83838
8065,ALEVIN FEMENINO 4X4,BRONZE 3,11,BAR TREBOL CV MANACOR,C´AN GARANYA CV MANACOR,2 - 1,25-6/25-19/25-27,,https://www.voleibolib.net/pdf.asp?o=83839.jpeg,jpeg,83839
8065,ALEVIN FEMENINO 4X4,BRONZE 3,11,IIF ARTÀ,CV POLLENÇA ALEVÍ ROSA,0 - 3,12-25/14-25/11-25,,https://www.voleibolib.net/pdf.asp?o=83840.JPG,jpg,83840
8065,ALEVIN FEMENINO 4X4,BRONZE 3,11,SAN CAYETANO,COSTA I LLOBERA CV. PÒRTOL,0 - 3,22-25/17-25/12-25,,https://www.voleibolib.net/pdf.asp?o=83841.png,png,83841
8065,ALEVIN FEMENINO 4X4,BRONZE 3,12,CV POLLENÇA ALEVÍ ROSA,C´AN GARANYA CV MANACOR,3 - 0,25-23/25-14/25-15,,https://www.voleibolib.net/pdf.asp?o=83842.jpg,jpg,83842
8065,ALEVIN FEMENINO 4X4,BRONZE 3,12,COSTA I LLOBERA CV. PÒRTOL,IIF ARTÀ,3 - 0,25-13/25-21/25-16,,https://www.voleibolib.net/pdf.asp?o=83844.jpeg,jpeg,83844
8065,ALEVIN FEMENINO 4X4,BRONZE 3,13,BAR TREBOL CV MANACOR,CV POLLENÇA ALEVÍ ROSA,2 - 1,25-11/13-25/25-6,,https://www.voleibolib.net/pdf.asp?o=83845.jpeg,jpeg,83845
8065,ALEVIN FEMENINO 4X4,BRONZE 3,13,C´AN GARANYA CV MANACOR,COSTA I LLOBERA CV. PÒRTOL,0 - 3,21-25/6-25/20-25,,https://www.voleibolib.net/pdf.asp?o=83846.jpeg,jpeg,83846
8065,ALEVIN FEMENINO 4X4,BRONZE 3,13,IIF ARTÀ,SAN CAYETANO,2 - 1,25-19/25-20/21-25,,https://www.voleibolib.net/pdf.asp?o=83847.jpeg,jpeg,83847
8065,ALEVIN FEMENINO 4X4,BRONZE 3,14,COSTA I LLOBERA CV. PÒRTOL,CV POLLENÇA ALEVÍ ROSA,2 - 1,17-25/25-15/25-18,,https://www.voleibolib.net/pdf.asp?o=83848.jpeg,jpeg,83848
8065,ALEVIN FEMENINO 4X4,BRONZE 3,14,IIF ARTÀ,BAR TREBOL CV MANACOR,0 - 3,6-25/13-25/12-25,,https://www.voleibolib.net/pdf.asp?o=83849.JPG,jpg,83849
8065,ALEVIN FEMENINO 4X4,BRONZE 3,14,SAN CAYETANO,C´AN GARANYA CV MANACOR,0 - 3,8-25/18-25/21-25,,https://www.voleibolib.net/pdf.asp?o=83850.jpeg,jpeg,83850
8065,ALEVIN FEMENINO 4X4,BRONZE 3,15,CV POLLENÇA ALEVÍ ROSA,SAN CAYETANO,2 - 1,13-25/25-10/25-8,,https://www.voleibolib.net/pdf.asp?o=83852.jpg,jpg,83852
8060,ALEVIN FEMENINO 4X4,OR,1,MENORCA LINES ESPORLES VC,AMALTEA VIAJES ESPORLES VC,0 - 3,16-25/10-25/14-25,,https://www.voleibolib.net/pdf.asp?o=83551.jpg,jpg,83551
8060,ALEVIN FEMENINO 4X4,OR,1,ALGAIDA V.C GROC,CLINICA DENTOFACIAL PIZA ALGAIDA V.C.,0 - 3,15-25/9-25/11-25,,https://www.voleibolib.net/pdf.asp?o=83552.jpeg,jpeg,83552
8060,ALEVIN FEMENINO 4X4,OR,1,FRAU CV. PÒRTOL NEGRO,CV POLLENÇA GROC,0 - 3,15-25/16-25/25-27,,https://www.voleibolib.net/pdf.asp?o=83553.jpeg,jpeg,83553
8060,ALEVIN FEMENINO 4X4,OR,1,ALARÓ VÒLEI JAIME NAVARRO MATERIALS,ESCOLA VOLEIBOL SANT JOAN- VERMELL,0 - 3,3-25/6-25/7-25,,https://www.voleibolib.net/pdf.asp?o=83554.jpeg,jpeg,83554
8060,ALEVIN FEMENINO 4X4,OR,2,AMALTEA VIAJES ESPORLES VC,ESCOLA VOLEIBOL SANT JOAN- VERMELL,1 - 2,18-25/16-25/35-33,,https://www.voleibolib.net/pdf.asp?o=83555.jpg,jpg,83555
8060,ALEVIN FEMENINO 4X4,OR,2,CV POLLENÇA GROC,ALARÓ VÒLEI JAIME NAVARRO MATERIALS,3 - 0,25-6/25-6/25-15,,https://www.voleibolib.net/pdf.asp?o=83556.jpg,jpg,83556
8060,ALEVIN FEMENINO 4X4,OR,2,CLINICA DENTOFACIAL PIZA ALGAIDA V.C.,FRAU CV. PÒRTOL NEGRO,3 - 0,25-7/25-15/25-22,,https://www.voleibolib.net/pdf.asp?o=83557.jpeg,jpeg,83557
8060,ALEVIN FEMENINO 4X4,OR,2,MENORCA LINES ESPORLES VC,ALGAIDA V.C GROC,3 - 0,25-10/25-11/25-17,,https://www.voleibolib.net/pdf.asp?o=83558.jpg,jpg,83558
8060,ALEVIN FEMENINO 4X4,OR,3,ALGAIDA V.C GROC,AMALTEA VIAJES ESPORLES VC,0 - 3,4-25/6-25/4-25,,https://www.voleibolib.net/pdf.asp?o=83559.jpeg,jpeg,83559
8060,ALEVIN FEMENINO 4X4,OR,3,FRAU CV. PÒRTOL NEGRO,MENORCA LINES ESPORLES VC,0 - 3,8-25/8-25/8-25,,https://www.voleibolib.net/pdf.asp?o=83560.jpeg,jpeg,83560
8060,ALEVIN FEMENINO 4X4,OR,3,ALARÓ VÒLEI JAIME NAVARRO MATERIALS,CLINICA DENTOFACIAL PIZA ALGAIDA V.C.,0 - 3,12-25/6-25/17-25,,https://www.voleibolib.net/pdf.asp?o=83561.jpg,jpg,83561
8060,ALEVIN FEMENINO 4X4,OR,3,ESCOLA VOLEIBOL SANT JOAN- VERMELL,CV POLLENÇA GROC,3 - 0,25-12/25-11/25-3,,https://www.voleibolib.net/pdf.asp?o=83562.jpeg,jpeg,83562
8060,ALEVIN FEMENINO 4X4,OR,4,AMALTEA VIAJES ESPORLES VC,CV POLLENÇA GROC,3 - 0,25-16/25-12/25-15,,https://www.voleibolib.net/pdf.asp?o=83563.jpg,jpg,83563
8060,ALEVIN FEMENINO 4X4,OR,4,MENORCA LINES ESPORLES VC,ALARÓ VÒLEI JAIME NAVARRO MATERIALS,3 - 0,25-17/25-17/25-12,,https://www.voleibolib.net/pdf.asp?o=83565.jpg,jpg,83565
8060,ALEVIN FEMENINO 4X4,OR,4,ALGAIDA V.C GROC,FRAU CV. PÒRTOL NEGRO,2 - 1,25-20/25-13/15-25,,https://www.voleibolib.net/pdf.asp?o=83566.jpeg,jpeg,83566
8060,ALEVIN FEMENINO 4X4,OR,5,FRAU CV. PÒRTOL NEGRO,AMALTEA VIAJES ESPORLES VC,0 - 3,9-25/12-25/6-25,,https://www.voleibolib.net/pdf.asp?o=83567.jpeg,jpeg,83567
8060,ALEVIN FEMENINO 4X4,OR,5,ALARÓ VÒLEI JAIME NAVARRO MATERIALS,ALGAIDA V.C GROC,1 - 2,21-25/20-25/25-21,,https://www.voleibolib.net/pdf.asp?o=83568.jpeg,jpeg,83568
8060,ALEVIN FEMENINO 4X4,OR,5,ESCOLA VOLEIBOL SANT JOAN- VERMELL,MENORCA LINES ESPORLES VC,3 - 0,25-7/25-8/25-12,,https://www.voleibolib.net/pdf.asp?o=83569.jpeg,jpeg,83569
8060,ALEVIN FEMENINO 4X4,OR,5,CV POLLENÇA GROC,CLINICA DENTOFACIAL PIZA ALGAIDA V.C.,1 - 2,25-23/21-25/8-25,,https://www.voleibolib.net/pdf.asp?o=83570.jpg,jpg,83570
8060,ALEVIN FEMENINO 4X4,OR,6,AMALTEA VIAJES ESPORLES VC,CLINICA DENTOFACIAL PIZA ALGAIDA V.C.,2 - 1,15-25/25-21/25-16,,https://www.voleibolib.net/pdf.asp?o=83571.jpg,jpg,83571
8060,ALEVIN FEMENINO 4X4,OR,6,MENORCA LINES ESPORLES VC,CV POLLENÇA GROC,1 - 2,25-23/15-25/20-25,,https://www.voleibolib.net/pdf.asp?o=83572.jpg,jpg,83572
8060,ALEVIN FEMENINO 4X4,OR,6,ALGAIDA V.C GROC,ESCOLA VOLEIBOL SANT JOAN- VERMELL,0 - 3,5-25/6-25/14-25,,https://www.voleibolib.net/pdf.asp?o=83573.jpeg,jpeg,83573
8060,ALEVIN FEMENINO 4X4,OR,6,FRAU CV. PÒRTOL NEGRO,ALARÓ VÒLEI JAIME NAVARRO MATERIALS,3 - 0,26-24/25-19/25-13,,https://www.voleibolib.net/pdf.asp?o=83574.jpeg,jpeg,83574
8060,ALEVIN FEMENINO 4X4,OR,7,ALARÓ VÒLEI JAIME NAVARRO MATERIALS,AMALTEA VIAJES ESPORLES VC,0 - 3,8-25/13-25/12-25,,https://www.voleibolib.net/pdf.asp?o=83575.jpeg,jpeg,83575
8060,ALEVIN FEMENINO 4X4,OR,7,ESCOLA VOLEIBOL SANT JOAN- VERMELL,FRAU CV. PÒRTOL NEGRO,3 - 0,25-8/25-10/25-10,,https://www.voleibolib.net/pdf.asp?o=83576.jpeg,jpeg,83576
8060,ALEVIN FEMENINO 4X4,OR,7,CV POLLENÇA GROC,ALGAIDA V.C GROC,3 - 0,25-19/25-10/26-24,,https://www.voleibolib.net/pdf.asp?o=83577.jpg,jpg,83577
8060,ALEVIN FEMENINO 4X4,OR,7,CLINICA DENTOFACIAL PIZA ALGAIDA V.C.,MENORCA LINES ESPORLES VC,3 - 0,25-13/25-14/25-12,,https://www.voleibolib.net/pdf.asp?o=83578.jpeg,jpeg,83578
8060,ALEVIN FEMENINO 4X4,OR,8,AMALTEA VIAJES ESPORLES VC,MENORCA LINES ESPORLES VC,2 - 1,25-19/23-25/25-15,,https://www.voleibolib.net/pdf.asp?o=83579.jpg,jpg,83579
8060,ALEVIN FEMENINO 4X4,OR,8,CLINICA DENTOFACIAL PIZA ALGAIDA V.C.,ALGAIDA V.C GROC,3 - 0,25-16/25-11/25-15,,https://www.voleibolib.net/pdf.asp?o=83580.jpeg,jpeg,83580
8060,ALEVIN FEMENINO 4X4,OR,8,CV POLLENÇA GROC,FRAU CV. PÒRTOL NEGRO,3 - 0,25-18/25-17/25-20,,https://www.voleibolib.net/pdf.asp?o=83581.jpg,jpg,83581
8060,ALEVIN FEMENINO 4X4,OR,8,ESCOLA VOLEIBOL SANT JOAN- VERMELL,ALARÓ VÒLEI JAIME NAVARRO MATERIALS,3 - 0,25-1/25-9/25-16,,https://www.voleibolib.net/pdf.asp?o=83582.jpeg,jpeg,83582
8060,ALEVIN FEMENINO 4X4,OR,9,ESCOLA VOLEIBOL SANT JOAN- VERMELL,AMALTEA VIAJES ESPORLES VC,3 - 0,25-12/25-15/25-18,,https://www.voleibolib.net/pdf.asp?o=83583.jpeg,jpeg,83583
8060,ALEVIN FEMENINO 4X4,OR,9,ALARÓ VÒLEI JAIME NAVARRO MATERIALS,CV POLLENÇA GROC,1 - 2,9-25/20-25/25-23,,https://www.voleibolib.net/pdf.asp?o=83584.jpeg,jpeg,83584
8060,ALEVIN FEMENINO 4X4,OR,9,FRAU CV. PÒRTOL NEGRO,CLINICA DENTOFACIAL PIZA ALGAIDA V.C.,0 - 3,14-25/13-25/25-27,,https://www.voleibolib.net/pdf.asp?o=83585.jpeg,jpeg,83585
8060,ALEVIN FEMENINO 4X4,OR,9,ALGAIDA V.C GROC,MENORCA LINES ESPORLES VC,0 - 3,15-25/15-25/7-25,,https://www.voleibolib.net/pdf.asp?o=83586.jpeg,jpeg,83586
8060,ALEVIN FEMENINO 4X4,OR,10,AMALTEA VIAJES ESPORLES VC,ALGAIDA V.C GROC,3 - 0,25-21/25-10/25-2,,https://www.voleibolib.net/pdf.asp?o=83587.jpg,jpg,83587
8060,ALEVIN FEMENINO 4X4,OR,10,MENORCA LINES ESPORLES VC,FRAU CV. PÒRTOL NEGRO,3 - 0,25-20/25-20/25-8,,https://www.voleibolib.net/pdf.asp?o=83588.jpg,jpg,83588
8060,ALEVIN FEMENINO 4X4,OR,10,CLINICA DENTOFACIAL PIZA ALGAIDA V.C.,ALARÓ VÒLEI JAIME NAVARRO MATERIALS,3 - 0,25-14/25-7/25-18,,https://www.voleibolib.net/pdf.asp?o=83589.jpeg,jpeg,83589
8060,ALEVIN FEMENINO 4X4,OR,10,CV POLLENÇA GROC,ESCOLA VOLEIBOL SANT JOAN- VERMELL,0 - 3,6-25/14-25/15-25,,https://www.voleibolib.net/pdf.asp?o=83590.jpg,jpg,83590
8060,ALEVIN FEMENINO 4X4,OR,11,CV POLLENÇA GROC,AMALTEA VIAJES ESPORLES VC,0 - 3,21-25/11-25/15-25,,https://www.voleibolib.net/pdf.asp?o=83591.jpg,jpg,83591
8060,ALEVIN FEMENINO 4X4,OR,11,CLINICA DENTOFACIAL PIZA ALGAIDA V.C.,ESCOLA VOLEIBOL SANT JOAN- VERMELL,0 - 3,16-25/11-25/19-25,,https://www.voleibolib.net/pdf.asp?o=83592.jpeg,jpeg,83592
8060,ALEVIN FEMENINO 4X4,OR,11,ALARÓ VÒLEI JAIME NAVARRO MATERIALS,MENORCA LINES ESPORLES VC,0 - 3,19-25/17-25/9-25,,https://www.voleibolib.net/pdf.asp?o=83593.jpeg,jpeg,83593
8060,ALEVIN FEMENINO 4X4,OR,11,FRAU CV. PÒRTOL NEGRO,ALGAIDA V.C GROC,3 - 0,25-11/25-15/25-20,,https://www.voleibolib.net/pdf.asp?o=83594.jpeg,jpeg,83594
8060,ALEVIN FEMENINO 4X4,OR,12,AMALTEA VIAJES ESPORLES VC,FRAU CV. PÒRTOL NEGRO,3 - 0,25-12/25-10/25-15,,https://www.voleibolib.net/pdf.asp?o=83595.jpg,jpg,83595
8060,ALEVIN FEMENINO 4X4,OR,12,ALGAIDA V.C GROC,ALARÓ VÒLEI JAIME NAVARRO MATERIALS,0 - 3,21-25/19-25/22-25,,https://www.voleibolib.net/pdf.asp?o=83596.jpeg,jpeg,83596
8060,ALEVIN FEMENINO 4X4,OR,12,MENORCA LINES ESPORLES VC,ESCOLA VOLEIBOL SANT JOAN- VERMELL,0 - 3,6-25/10-25/10-25,,https://www.voleibolib.net/pdf.asp?o=83597.jpg,jpg,83597
8060,ALEVIN FEMENINO 4X4,OR,12,CLINICA DENTOFACIAL PIZA ALGAIDA V.C.,CV POLLENÇA GROC,3 - 0,25-21/25-16/25-17,,https://www.voleibolib.net/pdf.asp?o=83598.jpeg,jpeg,83598
8060,ALEVIN FEMENINO 4X4,OR,13,CLINICA DENTOFACIAL PIZA ALGAIDA V.C.,AMALTEA VIAJES ESPORLES VC,0 - 3,18-25/18-25/12-25,,https://www.voleibolib.net/pdf.asp?o=83599.jpeg,jpeg,83599
8060,ALEVIN FEMENINO 4X4,OR,13,CV POLLENÇA GROC,MENORCA LINES ESPORLES VC,2 - 1,25-16/25-20/17-25,,https://www.voleibolib.net/pdf.asp?o=83600.jpg,jpg,83600
8060,ALEVIN FEMENINO 4X4,OR,13,ESCOLA VOLEIBOL SANT JOAN- VERMELL,ALGAIDA V.C GROC,3 - 0,25-9/25-7/25-11,,https://www.voleibolib.net/pdf.asp?o=83601.jpeg,jpeg,83601
8060,ALEVIN FEMENINO 4X4,OR,13,ALARÓ VÒLEI JAIME NAVARRO MATERIALS,FRAU CV. PÒRTOL NEGRO,0 - 3,5-25/15-25/14-25,,https://www.voleibolib.net/pdf.asp?o=83602.jpeg,jpeg,83602
8060,ALEVIN FEMENINO 4X4,OR,14,AMALTEA VIAJES ESPORLES VC,ALARÓ VÒLEI JAIME NAVARRO MATERIALS,3 - 0,25-14/25-5/25-17,,https://www.voleibolib.net/pdf.asp?o=83603.jpg,jpg,83603
8060,ALEVIN FEMENINO 4X4,OR,14,FRAU CV. PÒRTOL NEGRO,ESCOLA VOLEIBOL SANT JOAN- VERMELL,0 - 3,15-25/8-25/8-25,,https://www.voleibolib.net/pdf.asp?o=83604.jpeg,jpeg,83604
8060,ALEVIN FEMENINO 4X4,OR,14,ALGAIDA V.C GROC,CV POLLENÇA GROC,0 - 3,8-25/20-25/22-25,,https://www.voleibolib.net/pdf.asp?o=83605.jpeg,jpeg,83605
8060,ALEVIN FEMENINO 4X4,OR,14,MENORCA LINES ESPORLES VC,CLINICA DENTOFACIAL PIZA ALGAIDA V.C.,1 - 2,23-25/25-22/18-25,,https://www.voleibolib.net/pdf.asp?o=83606.jpg,jpg,83606
8061,ALEVIN FEMENINO 4X4,PLATA 1,1,VOLEY CIDE PALMA PROMISES,INNOVA CIDE PALMA GROC,3 - 0,25-10/29-27/25-19,,https://www.voleibolib.net/pdf.asp?o=83607.jpg,jpg,83607
8061,ALEVIN FEMENINO 4X4,PLATA 1,1,RAFAL VELL,LLORENÇ BAUÇÀ CONSTRUCCIONS ARTÀ,2 - 1,24-26/25-13/25-16,,https://www.voleibolib.net/pdf.asp?o=83608.jpg,jpg,83608
8061,ALEVIN FEMENINO 4X4,PLATA 1,1,CONTRUCCIONS TG ARTÀ,CVS PINTURES ALEMANY BALLESTER SOLLER,3 - 0,25-12/25-17/25-17,,https://www.voleibolib.net/pdf.asp?o=83609.png,png,83609
8061,ALEVIN FEMENINO 4X4,PLATA 1,1,SON TORRAT VOLEI PETRA,ESCOLA VOLEIBOL SANT JOAN- BLANC,2 - 1,25-10/25-19/21-25,,https://www.voleibolib.net/pdf.asp?o=83610.jpeg,jpeg,83610
8061,ALEVIN FEMENINO 4X4,PLATA 1,2,INNOVA CIDE PALMA GROC,ESCOLA VOLEIBOL SANT JOAN- BLANC,1 - 2,22-25/12-25/25-18,,https://www.voleibolib.net/pdf.asp?o=83611.jpg,jpg,83611
8061,ALEVIN FEMENINO 4X4,PLATA 1,2,CVS PINTURES ALEMANY BALLESTER SOLLER,SON TORRAT VOLEI PETRA,0 - 3,20-25/17-25/15-25,,https://www.voleibolib.net/pdf.asp?o=83612.jpg,jpg,83612
8061,ALEVIN FEMENINO 4X4,PLATA 1,2,LLORENÇ BAUÇÀ CONSTRUCCIONS ARTÀ,CONTRUCCIONS TG ARTÀ,0 - 3,13-25/8-25/26-28,,https://www.voleibolib.net/pdf.asp?o=83613.jpeg,jpeg,83613
8061,ALEVIN FEMENINO 4X4,PLATA 1,2,VOLEY CIDE PALMA PROMISES,RAFAL VELL,2 - 1,25-11/7-25/27-25,,https://www.voleibolib.net/pdf.asp?o=83614.jpg,jpg,83614
8061,ALEVIN FEMENINO 4X4,PLATA 1,3,RAFAL VELL,INNOVA CIDE PALMA GROC,2 - 1,15-25/25-18/26-24,,https://www.voleibolib.net/pdf.asp?o=83615.jpg,jpg,83615
8061,ALEVIN FEMENINO 4X4,PLATA 1,3,CONTRUCCIONS TG ARTÀ,VOLEY CIDE PALMA PROMISES,2 - 1,18-25/25-21/25-12,,https://www.voleibolib.net/pdf.asp?o=83616.jpeg,jpeg,83616
8061,ALEVIN FEMENINO 4X4,PLATA 1,3,SON TORRAT VOLEI PETRA,LLORENÇ BAUÇÀ CONSTRUCCIONS ARTÀ,3 - 0,25-20/25-17/25-18,,https://www.voleibolib.net/pdf.asp?o=83617.jpeg,jpeg,83617
8061,ALEVIN FEMENINO 4X4,PLATA 1,3,ESCOLA VOLEIBOL SANT JOAN- BLANC,CVS PINTURES ALEMANY BALLESTER SOLLER,3 - 0,25-15/25-4/25-10,,https://www.voleibolib.net/pdf.asp?o=83618.jpeg,jpeg,83618
8061,ALEVIN FEMENINO 4X4,PLATA 1,4,INNOVA CIDE PALMA GROC,CVS PINTURES ALEMANY BALLESTER SOLLER,1 - 2,21-25/25-16/20-25,,https://www.voleibolib.net/pdf.asp?o=83619.jpg,jpg,83619
8061,ALEVIN FEMENINO 4X4,PLATA 1,4,LLORENÇ BAUÇÀ CONSTRUCCIONS ARTÀ,ESCOLA VOLEIBOL SANT JOAN- BLANC,1 - 2,10-25/14-25/25-23,,https://www.voleibolib.net/pdf.asp?o=83620.jpg,jpg,83620
8061,ALEVIN FEMENINO 4X4,PLATA 1,4,VOLEY CIDE PALMA PROMISES,SON TORRAT VOLEI PETRA,1 - 2,19-25/25-12/10-25,,https://www.voleibolib.net/pdf.asp?o=83621.jpg,jpg,83621
8061,ALEVIN FEMENINO 4X4,PLATA 1,4,RAFAL VELL,CONTRUCCIONS TG ARTÀ,2 - 1,12-25/25-21/25-23,,https://www.voleibolib.net/pdf.asp?o=83622.jpg,jpg,83622
8061,ALEVIN FEMENINO 4X4,PLATA 1,5,CONTRUCCIONS TG ARTÀ,INNOVA CIDE PALMA GROC,2 - 1,25-20/22-25/25-12,,https://www.voleibolib.net/pdf.asp?o=83623.jpeg,jpeg,83623
8061,ALEVIN FEMENINO 4X4,PLATA 1,5,SON TORRAT VOLEI PETRA,RAFAL VELL,3 - 0,25-23/25-12/25-13,,https://www.voleibolib.net/pdf.asp?o=83624.jpg,jpg,83624
8061,ALEVIN FEMENINO 4X4,PLATA 1,5,ESCOLA VOLEIBOL SANT JOAN- BLANC,VOLEY CIDE PALMA PROMISES,3 - 0,25-17/25-14/25-19,,https://www.voleibolib.net/pdf.asp?o=83625.jpeg,jpeg,83625
8061,ALEVIN FEMENINO 4X4,PLATA 1,5,CVS PINTURES ALEMANY BALLESTER SOLLER,LLORENÇ BAUÇÀ CONSTRUCCIONS ARTÀ,1 - 2,25-18/20-25/23-25,,https://www.voleibolib.net/pdf.asp?o=83626.jpg,jpg,83626
8061,ALEVIN FEMENINO 4X4,PLATA 1,6,INNOVA CIDE PALMA GROC,LLORENÇ BAUÇÀ CONSTRUCCIONS ARTÀ,1 - 2,13-25/25-19/11-25,,https://www.voleibolib.net/pdf.asp?o=83627.jpg,jpg,83627
8061,ALEVIN FEMENINO 4X4,PLATA 1,6,VOLEY CIDE PALMA PROMISES,CVS PINTURES ALEMANY BALLESTER SOLLER,2 - 1,25-10/12-25/25-23,,https://www.voleibolib.net/pdf.asp?o=83628.jpg,jpg,83628
8061,ALEVIN FEMENINO 4X4,PLATA 1,6,RAFAL VELL,ESCOLA VOLEIBOL SANT JOAN- BLANC,0 - 3,11-25/22-25/21-25,,https://www.voleibolib.net/pdf.asp?o=83629.jpg,jpg,83629
8061,ALEVIN FEMENINO 4X4,PLATA 1,6,CONTRUCCIONS TG ARTÀ,SON TORRAT VOLEI PETRA,0 - 3,19-25/16-25/18-25,,https://www.voleibolib.net/pdf.asp?o=83630.JPG,jpg,83630
8061,ALEVIN FEMENINO 4X4,PLATA 1,7,SON TORRAT VOLEI PETRA,INNOVA CIDE PALMA GROC,3 - 0,25-18/25-18/25-11,,https://www.voleibolib.net/pdf.asp?o=83631.jpg,jpg,83631
8061,ALEVIN FEMENINO 4X4,PLATA 1,7,ESCOLA VOLEIBOL SANT JOAN- BLANC,CONTRUCCIONS TG ARTÀ,2 - 1,22-25/25-23/25-13,,https://www.voleibolib.net/pdf.asp?o=83632.jpeg,jpeg,83632
8061,ALEVIN FEMENINO 4X4,PLATA 1,7,CVS PINTURES ALEMANY BALLESTER SOLLER,RAFAL VELL,0 - 3,28-30/13-25/25-27,,https://www.voleibolib.net/pdf.asp?o=83633.jpg,jpg,83633
8061,ALEVIN FEMENINO 4X4,PLATA 1,7,LLORENÇ BAUÇÀ CONSTRUCCIONS ARTÀ,VOLEY CIDE PALMA PROMISES,1 - 2,22-25/25-22/25-27,,https://www.voleibolib.net/pdf.asp?o=83634.JPG,jpg,83634
8061,ALEVIN FEMENINO 4X4,PLATA 1,8,INNOVA CIDE PALMA GROC,VOLEY CIDE PALMA PROMISES,2 - 1,21-25/25-16/25-18,,https://www.voleibolib.net/pdf.asp?o=83635.jpeg,jpeg,83635
8061,ALEVIN FEMENINO 4X4,PLATA 1,8,LLORENÇ BAUÇÀ CONSTRUCCIONS ARTÀ,RAFAL VELL,1 - 2,25-10/24-26/22-25,,https://www.voleibolib.net/pdf.asp?o=83636.JPG,jpg,83636
8061,ALEVIN FEMENINO 4X4,PLATA 1,8,ESCOLA VOLEIBOL SANT JOAN- BLANC,SON TORRAT VOLEI PETRA,1 - 2,19-25/11-25/25-13,,https://www.voleibolib.net/pdf.asp?o=83638.jpeg,jpeg,83638
8061,ALEVIN FEMENINO 4X4,PLATA 1,9,ESCOLA VOLEIBOL SANT JOAN- BLANC,INNOVA CIDE PALMA GROC,3 - 0,25-17/25-10/25-15,,https://www.voleibolib.net/pdf.asp?o=83639.jpeg,jpeg,83639
8061,ALEVIN FEMENINO 4X4,PLATA 1,9,SON TORRAT VOLEI PETRA,CVS PINTURES ALEMANY BALLESTER SOLLER,3 - 0,25-17/25-17/25-18,,https://www.voleibolib.net/pdf.asp?o=83640.jpeg,jpeg,83640
8061,ALEVIN FEMENINO 4X4,PLATA 1,9,CONTRUCCIONS TG ARTÀ,LLORENÇ BAUÇÀ CONSTRUCCIONS ARTÀ,3 - 0,25-22/25-11/25-18,,https://www.voleibolib.net/pdf.asp?o=83641.jpeg,jpeg,83641
8061,ALEVIN FEMENINO 4X4,PLATA 1,9,RAFAL VELL,VOLEY CIDE PALMA PROMISES,2 - 1,25-19/20-25/26-24,,https://www.voleibolib.net/pdf.asp?o=83642.jpg,jpg,83642
8061,ALEVIN FEMENINO 4X4,PLATA 1,10,INNOVA CIDE PALMA GROC,RAFAL VELL,1 - 2,27-29/25-14/23-25,,https://www.voleibolib.net/pdf.asp?o=83643.jpg,jpg,83643
8061,ALEVIN FEMENINO 4X4,PLATA 1,10,VOLEY CIDE PALMA PROMISES,CONTRUCCIONS TG ARTÀ,1 - 2,25-18/11-25/14-25,,https://www.voleibolib.net/pdf.asp?o=83644.jpg,jpg,83644
8061,ALEVIN FEMENINO 4X4,PLATA 1,10,LLORENÇ BAUÇÀ CONSTRUCCIONS ARTÀ,SON TORRAT VOLEI PETRA,0 - 3,21-25/20-25/21-25,,https://www.voleibolib.net/pdf.asp?o=83645.JPG,jpg,83645
8061,ALEVIN FEMENINO 4X4,PLATA 1,10,CVS PINTURES ALEMANY BALLESTER SOLLER,ESCOLA VOLEIBOL SANT JOAN- BLANC,0 - 3,15-25/11-25/8-25,,https://www.voleibolib.net/pdf.asp?o=83646.jpg,jpg,83646
8061,ALEVIN FEMENINO 4X4,PLATA 1,11,CVS PINTURES ALEMANY BALLESTER SOLLER,INNOVA CIDE PALMA GROC,0 - 3,16-25/11-25/17-25,,https://www.voleibolib.net/pdf.asp?o=83647.jpg,jpg,83647
8061,ALEVIN FEMENINO 4X4,PLATA 1,11,ESCOLA VOLEIBOL SANT JOAN- BLANC,LLORENÇ BAUÇÀ CONSTRUCCIONS ARTÀ,3 - 0,25-11/25-10/25-11,,https://www.voleibolib.net/pdf.asp?o=83648.jpeg,jpeg,83648
8061,ALEVIN FEMENINO 4X4,PLATA 1,11,SON TORRAT VOLEI PETRA,VOLEY CIDE PALMA PROMISES,2 - 1,22-25/25-11/25-21,,https://www.voleibolib.net/pdf.asp?o=83649.jpeg,jpeg,83649
8061,ALEVIN FEMENINO 4X4,PLATA 1,11,CONTRUCCIONS TG ARTÀ,RAFAL VELL,3 - 0,25-13/25-22/25-18,,https://www.voleibolib.net/pdf.asp?o=83650.jpeg,jpeg,83650
8061,ALEVIN FEMENINO 4X4,PLATA 1,12,INNOVA CIDE PALMA GROC,CONTRUCCIONS TG ARTÀ,2 - 1,25-20/11-25/25-22,,https://www.voleibolib.net/pdf.asp?o=83651.jpg,jpg,83651
8061,ALEVIN FEMENINO 4X4,PLATA 1,12,RAFAL VELL,SON TORRAT VOLEI PETRA,1 - 2,21-25/15-25/25-22,,https://www.voleibolib.net/pdf.asp?o=83652.jpg,jpg,83652
8061,ALEVIN FEMENINO 4X4,PLATA 1,12,VOLEY CIDE PALMA PROMISES,ESCOLA VOLEIBOL SANT JOAN- BLANC,1 - 2,22-25/15-25/29-27,,https://www.voleibolib.net/pdf.asp?o=83653.jpg,jpg,83653
8061,ALEVIN FEMENINO 4X4,PLATA 1,12,LLORENÇ BAUÇÀ CONSTRUCCIONS ARTÀ,CVS PINTURES ALEMANY BALLESTER SOLLER,2 - 1,19-25/25-22/25-14,,https://www.voleibolib.net/pdf.asp?o=83654.JPG,jpg,83654
8061,ALEVIN FEMENINO 4X4,PLATA 1,13,LLORENÇ BAUÇÀ CONSTRUCCIONS ARTÀ,INNOVA CIDE PALMA GROC,1 - 2,25-22/17-25/9-25,,https://www.voleibolib.net/pdf.asp?o=83655.JPG,jpg,83655
8061,ALEVIN FEMENINO 4X4,PLATA 1,13,CVS PINTURES ALEMANY BALLESTER SOLLER,VOLEY CIDE PALMA PROMISES,,,,https://www.voleibolib.net/pdf.asp?o=83656.jpg,jpg,83656
8061,ALEVIN FEMENINO 4X4,PLATA 1,13,ESCOLA VOLEIBOL SANT JOAN- BLANC,RAFAL VELL,2 - 1,23-25/25-20/26-24,,https://www.voleibolib.net/pdf.asp?o=83657.jpeg,jpeg,83657
8061,ALEVIN FEMENINO 4X4,PLATA 1,13,SON TORRAT VOLEI PETRA,CONTRUCCIONS TG ARTÀ,,,,https://www.voleibolib.net/pdf.asp?o=83658.jpeg,jpeg,83658
8061,ALEVIN FEMENINO 4X4,PLATA 1,14,INNOVA CIDE PALMA GROC,SON TORRAT VOLEI PETRA,0 - 3,15-25/16-25/19-25,,https://www.voleibolib.net/pdf.asp?o=83659.jpg,jpg,83659
8061,ALEVIN FEMENINO 4X4,PLATA 1,14,CONTRUCCIONS TG ARTÀ,ESCOLA VOLEIBOL SANT JOAN- BLANC,2 - 1,25-27/25-10/25-23,,https://www.voleibolib.net/pdf.asp?o=83660.jpg,jpg,83660
8061,ALEVIN FEMENINO 4X4,PLATA 1,14,RAFAL VELL,CVS PINTURES ALEMANY BALLESTER SOLLER,2 - 1,20-25/25-13/25-7,,https://www.voleibolib.net/pdf.asp?o=83661.jpg,jpg,83661
8061,ALEVIN FEMENINO 4X4,PLATA 1,14,VOLEY CIDE PALMA PROMISES,LLORENÇ BAUÇÀ CONSTRUCCIONS ARTÀ,3 - 0,25-13/25-11/25-12,,https://www.voleibolib.net/pdf.asp?o=83662.jpg,jpg,83662
8062,ALEVIN FEMENINO 4X4,PLATA 2,1,ALARÓ VÒLEI LIVING BLUE,ALARÓ VÒLEI AUTOCARES COMAS,3 - 0,25-12/25-13/25-11,,https://www.voleibolib.net/pdf.asp?o=83663.jpeg,jpeg,83663
8062,ALEVIN FEMENINO 4X4,PLATA 2,1,BENZINERA ES PINETO ESPORLES VC,BAR INTENSIU VOLEI MURO,3 - 0,25-9/25-7/25-3,,https://www.voleibolib.net/pdf.asp?o=83664.jpg,jpg,83664
8062,ALEVIN FEMENINO 4X4,PLATA 2,1,ALGAIDA VC VERD,S&#39;ALTELL CV VILAFRANCA,3 - 0,25-17/25-9/25-20,,https://www.voleibolib.net/pdf.asp?o=83665.jpeg,jpeg,83665
8062,ALEVIN FEMENINO 4X4,PLATA 2,1,MALLORCA SEA PARADISE -CVSS,CVS PISCINAS Y MANTENIMIENTO MALLORCA,0 - 3,21-25/23-25/21-25,,https://www.voleibolib.net/pdf.asp?o=83666.jpg,jpg,83666
8062,ALEVIN FEMENINO 4X4,PLATA 2,2,ALARÓ VÒLEI AUTOCARES COMAS,CVS PISCINAS Y MANTENIMIENTO MALLORCA,0 - 3,10-25/22-25/16-25,,https://www.voleibolib.net/pdf.asp?o=83667.jpg,jpg,83667
8062,ALEVIN FEMENINO 4X4,PLATA 2,2,S&#39;ALTELL CV VILAFRANCA,MALLORCA SEA PARADISE -CVSS,1 - 2,21-25/26-24/22-25,,https://www.voleibolib.net/pdf.asp?o=83668.HEIC,heic,83668
8062,ALEVIN FEMENINO 4X4,PLATA 2,2,BAR INTENSIU VOLEI MURO,ALGAIDA VC VERD,0 - 3,11-25/13-25/9-25,,https://www.voleibolib.net/pdf.asp?o=83669.jpg,jpg,83669
8062,ALEVIN FEMENINO 4X4,PLATA 2,2,ALARÓ VÒLEI LIVING BLUE,BENZINERA ES PINETO ESPORLES VC,2 - 1,26-24/14-25/25-20,,https://www.voleibolib.net/pdf.asp?o=83670.jpeg,jpeg,83670
8062,ALEVIN FEMENINO 4X4,PLATA 2,3,BENZINERA ES PINETO ESPORLES VC,ALARÓ VÒLEI AUTOCARES COMAS,3 - 0,25-4/25-5/25-6,,https://www.voleibolib.net/pdf.asp?o=83671.jpg,jpg,83671
8062,ALEVIN FEMENINO 4X4,PLATA 2,3,ALGAIDA VC VERD,ALARÓ VÒLEI LIVING BLUE,2 - 1,19-25/25-13/25-19,,https://www.voleibolib.net/pdf.asp?o=83672.jpeg,jpeg,83672
8062,ALEVIN FEMENINO 4X4,PLATA 2,3,MALLORCA SEA PARADISE -CVSS,BAR INTENSIU VOLEI MURO,3 - 0,25-14/25-10/25-20,,https://www.voleibolib.net/pdf.asp?o=83673.png,png,83673
8062,ALEVIN FEMENINO 4X4,PLATA 2,3,CVS PISCINAS Y MANTENIMIENTO MALLORCA,S&#39;ALTELL CV VILAFRANCA,0 - 3,14-25/21-25/23-25,,https://www.voleibolib.net/pdf.asp?o=83674.jpg,jpg,83674
8062,ALEVIN FEMENINO 4X4,PLATA 2,4,ALARÓ VÒLEI AUTOCARES COMAS,S&#39;ALTELL CV VILAFRANCA,0 - 3,12-25/10-25/13-25,,https://www.voleibolib.net/pdf.asp?o=83675.jpeg,jpeg,83675
8062,ALEVIN FEMENINO 4X4,PLATA 2,4,BAR INTENSIU VOLEI MURO,CVS PISCINAS Y MANTENIMIENTO MALLORCA,0 - 3,6-25/20-25/9-25,,https://www.voleibolib.net/pdf.asp?o=83676.jpeg,jpeg,83676
8062,ALEVIN FEMENINO 4X4,PLATA 2,4,ALARÓ VÒLEI LIVING BLUE,MALLORCA SEA PARADISE -CVSS,3 - 0,25-19/25-14/25-21,,https://www.voleibolib.net/pdf.asp?o=83677.jpeg,jpeg,83677
8062,ALEVIN FEMENINO 4X4,PLATA 2,4,BENZINERA ES PINETO ESPORLES VC,ALGAIDA VC VERD,2 - 1,18-25/25-20/25-16,,https://www.voleibolib.net/pdf.asp?o=83678.jpg,jpg,83678
8062,ALEVIN FEMENINO 4X4,PLATA 2,5,ALGAIDA VC VERD,ALARÓ VÒLEI AUTOCARES COMAS,3 - 0,25-14/25-8/25-23,,https://www.voleibolib.net/pdf.asp?o=83679.jpeg,jpeg,83679
8062,ALEVIN FEMENINO 4X4,PLATA 2,5,MALLORCA SEA PARADISE -CVSS,BENZINERA ES PINETO ESPORLES VC,0 - 3,14-25/20-25/10-25,,https://www.voleibolib.net/pdf.asp?o=83680.jpg,jpg,83680
8062,ALEVIN FEMENINO 4X4,PLATA 2,5,CVS PISCINAS Y MANTENIMIENTO MALLORCA,ALARÓ VÒLEI LIVING BLUE,1 - 2,25-21/16-25/13-25,,https://www.voleibolib.net/pdf.asp?o=83681.jpg,jpg,83681
8062,ALEVIN FEMENINO 4X4,PLATA 2,5,S&#39;ALTELL CV VILAFRANCA,BAR INTENSIU VOLEI MURO,3 - 0,25-15/25-9/25-23,,https://www.voleibolib.net/pdf.asp?o=83682.HEIC,heic,83682
8062,ALEVIN FEMENINO 4X4,PLATA 2,6,ALARÓ VÒLEI AUTOCARES COMAS,BAR INTENSIU VOLEI MURO,1 - 2,21-25/25-21/21-25,,https://www.voleibolib.net/pdf.asp?o=83683.jpeg,jpeg,83683
8062,ALEVIN FEMENINO 4X4,PLATA 2,6,ALARÓ VÒLEI LIVING BLUE,S&#39;ALTELL CV VILAFRANCA,2 - 1,20-25/25-22/25-19,,https://www.voleibolib.net/pdf.asp?o=83684.jpeg,jpeg,83684
8062,ALEVIN FEMENINO 4X4,PLATA 2,6,BENZINERA ES PINETO ESPORLES VC,CVS PISCINAS Y MANTENIMIENTO MALLORCA,3 - 0,25-13/25-5/25-19,,https://www.voleibolib.net/pdf.asp?o=83685.jpg,jpg,83685
8062,ALEVIN FEMENINO 4X4,PLATA 2,6,ALGAIDA VC VERD,MALLORCA SEA PARADISE -CVSS,1 - 2,12-25/25-15/17-25,,https://www.voleibolib.net/pdf.asp?o=83686.jpeg,jpeg,83686
8062,ALEVIN FEMENINO 4X4,PLATA 2,7,MALLORCA SEA PARADISE -CVSS,ALARÓ VÒLEI AUTOCARES COMAS,2 - 1,21-25/25-7/25-6,,https://www.voleibolib.net/pdf.asp?o=83687.jpg,jpg,83687
8062,ALEVIN FEMENINO 4X4,PLATA 2,7,CVS PISCINAS Y MANTENIMIENTO MALLORCA,ALGAIDA VC VERD,1 - 2,25-9/18-25/23-25,,https://www.voleibolib.net/pdf.asp?o=83688.jpg,jpg,83688
8062,ALEVIN FEMENINO 4X4,PLATA 2,7,S&#39;ALTELL CV VILAFRANCA,BENZINERA ES PINETO ESPORLES VC,1 - 2,26-24/17-25/18-25,,https://www.voleibolib.net/pdf.asp?o=83689.jpeg,jpeg,83689
8062,ALEVIN FEMENINO 4X4,PLATA 2,7,BAR INTENSIU VOLEI MURO,ALARÓ VÒLEI LIVING BLUE,0 - 3,6-25/18-25/15-25,,https://www.voleibolib.net/pdf.asp?o=83690.jpeg,jpeg,83690
8062,ALEVIN FEMENINO 4X4,PLATA 2,8,ALARÓ VÒLEI AUTOCARES COMAS,ALARÓ VÒLEI LIVING BLUE,0 - 3,8-25/5-25/15-25,,https://www.voleibolib.net/pdf.asp?o=83691.jpeg,jpeg,83691
8062,ALEVIN FEMENINO 4X4,PLATA 2,8,BAR INTENSIU VOLEI MURO,BENZINERA ES PINETO ESPORLES VC,0 - 3,6-25/6-25/7-25,,https://www.voleibolib.net/pdf.asp?o=83692.jpeg,jpeg,83692
8062,ALEVIN FEMENINO 4X4,PLATA 2,8,S&#39;ALTELL CV VILAFRANCA,ALGAIDA VC VERD,0 - 3,24-26/22-25/13-25,,https://www.voleibolib.net/pdf.asp?o=83693.jpg,jpg,83693
8062,ALEVIN FEMENINO 4X4,PLATA 2,8,CVS PISCINAS Y MANTENIMIENTO MALLORCA,MALLORCA SEA PARADISE -CVSS,0 - 3,20-25/16-25/16-25,,https://www.voleibolib.net/pdf.asp?o=83694.jpg,jpg,83694
8062,ALEVIN FEMENINO 4X4,PLATA 2,9,CVS PISCINAS Y MANTENIMIENTO MALLORCA,ALARÓ VÒLEI AUTOCARES COMAS,2 - 1,25-6/10-25/25-10,,https://www.voleibolib.net/pdf.asp?o=83695.jpg,jpg,83695
8062,ALEVIN FEMENINO 4X4,PLATA 2,9,MALLORCA SEA PARADISE -CVSS,S&#39;ALTELL CV VILAFRANCA,3 - 0,25-20/25-17/26-24,,https://www.voleibolib.net/pdf.asp?o=83696.jpg,jpg,83696
8062,ALEVIN FEMENINO 4X4,PLATA 2,9,ALGAIDA VC VERD,BAR INTENSIU VOLEI MURO,3 - 0,25-9/25-19/25-8,,https://www.voleibolib.net/pdf.asp?o=83697.jpeg,jpeg,83697
8062,ALEVIN FEMENINO 4X4,PLATA 2,9,BENZINERA ES PINETO ESPORLES VC,ALARÓ VÒLEI LIVING BLUE,2 - 1,25-22/24-26/25-17,,https://www.voleibolib.net/pdf.asp?o=83698.jpg,jpg,83698
8062,ALEVIN FEMENINO 4X4,PLATA 2,10,ALARÓ VÒLEI AUTOCARES COMAS,BENZINERA ES PINETO ESPORLES VC,0 - 3,5-25/19-25/11-25,,https://www.voleibolib.net/pdf.asp?o=83699.jpeg,jpeg,83699
8062,ALEVIN FEMENINO 4X4,PLATA 2,10,ALARÓ VÒLEI LIVING BLUE,ALGAIDA VC VERD,1 - 2,25-21/17-25/23-25,,https://www.voleibolib.net/pdf.asp?o=83700.jpeg,jpeg,83700
8062,ALEVIN FEMENINO 4X4,PLATA 2,10,BAR INTENSIU VOLEI MURO,MALLORCA SEA PARADISE -CVSS,0 - 3,10-25/8-25/12-25,,https://www.voleibolib.net/pdf.asp?o=83701.jpeg,jpeg,83701
8062,ALEVIN FEMENINO 4X4,PLATA 2,10,S&#39;ALTELL CV VILAFRANCA,CVS PISCINAS Y MANTENIMIENTO MALLORCA,3 - 0,25-15/25-13/25-13,,https://www.voleibolib.net/pdf.asp?o=83702.jpg,jpg,83702
8062,ALEVIN FEMENINO 4X4,PLATA 2,11,S&#39;ALTELL CV VILAFRANCA,ALARÓ VÒLEI AUTOCARES COMAS,3 - 0,25-15/25-15/25-13,,https://www.voleibolib.net/pdf.asp?o=83703.jpg,jpg,83703
8062,ALEVIN FEMENINO 4X4,PLATA 2,11,CVS PISCINAS Y MANTENIMIENTO MALLORCA,BAR INTENSIU VOLEI MURO,2 - 1,25-13/23-25/25-8,,https://www.voleibolib.net/pdf.asp?o=83704.jpg,jpg,83704
8062,ALEVIN FEMENINO 4X4,PLATA 2,11,MALLORCA SEA PARADISE -CVSS,ALARÓ VÒLEI LIVING BLUE,0 - 3,18-25/11-25/28-30,,https://www.voleibolib.net/pdf.asp?o=83705.jpeg,jpeg,83705
8062,ALEVIN FEMENINO 4X4,PLATA 2,11,ALGAIDA VC VERD,BENZINERA ES PINETO ESPORLES VC,0 - 3,18-25/17-25/22-25,,https://www.voleibolib.net/pdf.asp?o=83706.jpeg,jpeg,83706
8062,ALEVIN FEMENINO 4X4,PLATA 2,12,ALARÓ VÒLEI AUTOCARES COMAS,ALGAIDA VC VERD,0 - 3,8-25/16-25/15-25,,https://www.voleibolib.net/pdf.asp?o=83707.jpeg,jpeg,83707
8062,ALEVIN FEMENINO 4X4,PLATA 2,12,BENZINERA ES PINETO ESPORLES VC,MALLORCA SEA PARADISE -CVSS,2 - 1,20-25/25-19/25-15,,https://www.voleibolib.net/pdf.asp?o=83708.jpg,jpg,83708
8062,ALEVIN FEMENINO 4X4,PLATA 2,12,ALARÓ VÒLEI LIVING BLUE,CVS PISCINAS Y MANTENIMIENTO MALLORCA,1 - 2,25-27/25-10/15-25,,https://www.voleibolib.net/pdf.asp?o=83709.jpeg,jpeg,83709
8062,ALEVIN FEMENINO 4X4,PLATA 2,12,BAR INTENSIU VOLEI MURO,S&#39;ALTELL CV VILAFRANCA,0 - 3,14-25/17-25/18-25,,https://www.voleibolib.net/pdf.asp?o=83710.jpeg,jpeg,83710
8062,ALEVIN FEMENINO 4X4,PLATA 2,13,S&#39;ALTELL CV VILAFRANCA,ALARÓ VÒLEI LIVING BLUE,1 - 2,21-25/25-21/14-25,,https://www.voleibolib.net/pdf.asp?o=83712.jpg,jpg,83712
8062,ALEVIN FEMENINO 4X4,PLATA 2,13,CVS PISCINAS Y MANTENIMIENTO MALLORCA,BENZINERA ES PINETO ESPORLES VC,0 - 3,19-25/17-25/21-25,,https://www.voleibolib.net/pdf.asp?o=83713.jpg,jpg,83713
8062,ALEVIN FEMENINO 4X4,PLATA 2,13,MALLORCA SEA PARADISE -CVSS,ALGAIDA VC VERD,0 - 3,22-25/20-25/16-25,,https://www.voleibolib.net/pdf.asp?o=83714.jpeg,jpeg,83714
8062,ALEVIN FEMENINO 4X4,PLATA 2,14,ALARÓ VÒLEI AUTOCARES COMAS,MALLORCA SEA PARADISE -CVSS,0 - 3,22-25/9-25/15-25,,https://www.voleibolib.net/pdf.asp?o=83715.jpeg,jpeg,83715
8062,ALEVIN FEMENINO 4X4,PLATA 2,14,ALGAIDA VC VERD,CVS PISCINAS Y MANTENIMIENTO MALLORCA,2 - 1,25-14/25-10/24-26,,https://www.voleibolib.net/pdf.asp?o=83716.jpeg,jpeg,83716
8062,ALEVIN FEMENINO 4X4,PLATA 2,14,BENZINERA ES PINETO ESPORLES VC,S&#39;ALTELL CV VILAFRANCA,3 - 0,25-19/25-15/25-18,,https://www.voleibolib.net/pdf.asp?o=83717.jpg,jpg,83717
8062,ALEVIN FEMENINO 4X4,PLATA 2,14,ALARÓ VÒLEI LIVING BLUE,BAR INTENSIU VOLEI MURO,3 - 0,25-9/25-10/25-11,,https://www.voleibolib.net/pdf.asp?o=83718.jpeg,jpeg,83718
8007,ALEVIN FEMENINO 6X6,GRUP A,2,SAN CAYETANO,TRISPORT  CV PORTO CRISTO,3 - 0,25-15/25-12/25-14,,https://www.voleibolib.net/pdf.asp?o=81521.jpg,jpg,81521
8007,ALEVIN FEMENINO 6X6,GRUP A,2,MADRE ALBERTA D,MAYURQA VOLEY PALMA CARNICERIA JUANITA,0 - 3,10-25/8-25/5-25,,https://www.voleibolib.net/pdf.asp?o=81523.jpg,jpg,81523
8007,ALEVIN FEMENINO 6X6,GRUP A,3,MADRE ALBERTA SEGUROS FERRON,SAN CAYETANO,1 - 3,25-23/18-25/19-25/14-25,,https://www.voleibolib.net/pdf.asp?o=81525.jpg,jpg,81525
8007,ALEVIN FEMENINO 6X6,GRUP A,4,MADRE ALBERTA D,TRISPORT  CV PORTO CRISTO,0 - 3,23-25/11-25/20-25,,https://www.voleibolib.net/pdf.asp?o=81530.jpg,jpg,81530
8007,ALEVIN FEMENINO 6X6,GRUP A,5,MAYURQA VOLEY PALMA CARNICERIA JUANITA,SAN CAYETANO,3 - 0,25-21/25-15/25-17,,https://www.voleibolib.net/pdf.asp?o=81533.jpg,jpg,81533
8007,ALEVIN FEMENINO 6X6,GRUP A,6,SAN CAYETANO,MADRE ALBERTA D,3 - 0,25-4/25-11/25-7,,https://www.voleibolib.net/pdf.asp?o=81537.jpg,jpg,81537
8007,ALEVIN FEMENINO 6X6,GRUP A,6,MADRE ALBERTA SEGUROS FERRON,TRISPORT  CV PORTO CRISTO,2 - 3,25-21/27-29/25-9/21-25/13-15,,https://www.voleibolib.net/pdf.asp?o=81539.jpeg,jpeg,81539
8007,ALEVIN FEMENINO 6X6,GRUP A,6,MAYURQA VOLEY PALMA CARNICERIA JUANITA,ENTRECULTURAS MONTESION,3 - 0,25-15/25-11/25-15,,https://www.voleibolib.net/pdf.asp?o=81540.jpg,jpg,81540
8007,ALEVIN FEMENINO 6X6,GRUP A,7,ENTRECULTURAS MONTESION,SAN CAYETANO,1 - 3,21-25/23-25/26-24/15-25,,https://www.voleibolib.net/pdf.asp?o=81541.jpeg,jpeg,81541
8007,ALEVIN FEMENINO 6X6,GRUP A,8,MADRE ALBERTA D,MADRE ALBERTA SEGUROS FERRON,0 - 3,15-25/5-25/19-25,,https://www.voleibolib.net/pdf.asp?o=81546.jpg,jpg,81546
8007,ALEVIN FEMENINO 6X6,GRUP A,8,SANTANDREU SUREDA C.V. CARDASSAR,MAYURQA VOLEY PALMA CARNICERIA JUANITA,0 - 3,15-25/18-25/9-25,,https://www.voleibolib.net/pdf.asp?o=81547.jpeg,jpeg,81547
8007,ALEVIN FEMENINO 6X6,GRUP A,8,TRISPORT  CV PORTO CRISTO,ENTRECULTURAS MONTESION,0 - 3,14-25/13-25/17-25,,https://www.voleibolib.net/pdf.asp?o=81548.jpeg,jpeg,81548
8007,ALEVIN FEMENINO 6X6,GRUP A,9,ENTRECULTURAS MONTESION,SANTANDREU SUREDA C.V. CARDASSAR,3 - 2,26-24/20-25/25-23/23-25/15-12,,https://www.voleibolib.net/pdf.asp?o=81550.jpeg,jpeg,81550
8007,ALEVIN FEMENINO 6X6,GRUP A,9,MAYURQA VOLEY PALMA CARNICERIA JUANITA,MADRE ALBERTA D,3 - 0,25-7/25-6/25-10,,https://www.voleibolib.net/pdf.asp?o=81551.jpeg,jpeg,81551
8007,ALEVIN FEMENINO 6X6,GRUP A,10,MADRE ALBERTA D,ENTRECULTURAS MONTESION,0 - 3,12-25/8-25/18-25,,https://www.voleibolib.net/pdf.asp?o=81555.jpeg,jpeg,81555
8007,ALEVIN FEMENINO 6X6,GRUP A,11,SANTANDREU SUREDA C.V. CARDASSAR,SAN CAYETANO,0 - 3,9-25/18-25/11-25,,https://www.voleibolib.net/pdf.asp?o=81557.jpeg,jpeg,81557
8007,ALEVIN FEMENINO 6X6,GRUP A,11,MAYURQA VOLEY PALMA CARNICERIA JUANITA,MADRE ALBERTA SEGUROS FERRON,3 - 0,25-12/25-11/25-15,,https://www.voleibolib.net/pdf.asp?o=81560.jpg,jpg,81560
8007,ALEVIN FEMENINO 6X6,GRUP A,12,MADRE ALBERTA SEGUROS FERRON,ENTRECULTURAS MONTESION,1 - 3,25-20/9-25/12-25/14-25,,https://www.voleibolib.net/pdf.asp?o=81562.jpeg,jpeg,81562
8007,ALEVIN FEMENINO 6X6,GRUP A,12,MADRE ALBERTA D,SANTANDREU SUREDA C.V. CARDASSAR,0 - 3,11-25/18-25/19-25,,https://www.voleibolib.net/pdf.asp?o=81564.jpg,jpg,81564
8007,ALEVIN FEMENINO 6X6,GRUP A,14,SAN CAYETANO,ENTRECULTURAS MONTESION,3 - 0,25-16/25-10/25-16,,https://www.voleibolib.net/pdf.asp?o=81569.jpg,jpg,81569
8007,ALEVIN FEMENINO 6X6,GRUP A,14,MAYURQA VOLEY PALMA CARNICERIA JUANITA,TRISPORT  CV PORTO CRISTO,3 - 0,25-21/25-4/25-4,,https://www.voleibolib.net/pdf.asp?o=81570.jpeg,jpeg,81570
8007,ALEVIN FEMENINO 6X6,GRUP A,14,MADRE ALBERTA SEGUROS FERRON,SANTANDREU SUREDA C.V. CARDASSAR,1 - 3,19-25/19-25/25-23/20-25,,https://www.voleibolib.net/pdf.asp?o=81571.jpeg,jpeg,81571
8006,ALEVIN FEMENINO 6X6,GRUP B,1,MADRE ALBERTA FLYCADEMY,MADRE ALBERTA H2A UNIFORMES,3 - 0,25-20/25-10/25-7,,https://www.voleibolib.net/pdf.asp?o=81461.jpeg,jpeg,81461
8006,ALEVIN FEMENINO 6X6,GRUP B,1,CV SANT JOSEP GROC,SCANNER RIB BOATS SON FERRER,0 - 3,5-25/12-25/5-25,,https://www.voleibolib.net/pdf.asp?o=81463.jpg,jpg,81463
8006,ALEVIN FEMENINO 6X6,GRUP B,1,VOLEI MURO,UNIÓ ESPORTIVA VALLDEMOSSA - CAN REÜLL,2 - 3,25-23/25-23/18-25/20-25/6-15,,https://www.voleibolib.net/pdf.asp?o=81464.jpg,jpg,81464
8006,ALEVIN FEMENINO 6X6,GRUP B,2,MADRE ALBERTA H2A UNIFORMES,UNIÓ ESPORTIVA VALLDEMOSSA - CAN REÜLL,0 - 3,18-25/13-25/16-25,,https://www.voleibolib.net/pdf.asp?o=81465.jpeg,jpeg,81465
8006,ALEVIN FEMENINO 6X6,GRUP B,2,MADRE ALBERTA FLYCADEMY,ALEVIN SAGRAT COR,3 - 1,23-25/25-17/25-12/25-12,,https://www.voleibolib.net/pdf.asp?o=81468.jpg,jpg,81468
8006,ALEVIN FEMENINO 6X6,GRUP B,3,CV SANT JOSEP GROC,MADRE ALBERTA FLYCADEMY,0 - 3,6-25/5-25/11-25,,https://www.voleibolib.net/pdf.asp?o=81470.jpeg,jpeg,81470
8006,ALEVIN FEMENINO 6X6,GRUP B,4,MADRE ALBERTA H2A UNIFORMES,SCANNER RIB BOATS SON FERRER,0 - 3,19-25/9-25/18-25,,https://www.voleibolib.net/pdf.asp?o=81473.jpg,jpg,81473
8006,ALEVIN FEMENINO 6X6,GRUP B,4,MADRE ALBERTA FLYCADEMY,VOLEI MURO,3 - 2,25-17/25-20/20-25/21-25/15-6,,https://www.voleibolib.net/pdf.asp?o=81475.jpg,jpg,81475
8006,ALEVIN FEMENINO 6X6,GRUP B,4,ALEVIN SAGRAT COR,CV SANT JOSEP GROC,3 - 0,25-19/25-5/25-14,,https://www.voleibolib.net/pdf.asp?o=81476.jpeg,jpeg,81476
8006,ALEVIN FEMENINO 6X6,GRUP B,5,CV SANT JOSEP GROC,MADRE ALBERTA H2A UNIFORMES,2 - 3,25-23/15-25/25-10/15-25/11-15,,https://www.voleibolib.net/pdf.asp?o=81477.jpeg,jpeg,81477
8006,ALEVIN FEMENINO 6X6,GRUP B,5,UNIÓ ESPORTIVA VALLDEMOSSA - CAN REÜLL,MADRE ALBERTA FLYCADEMY,2 - 3,31-29/13-25/25-20/23-25/13-15,,https://www.voleibolib.net/pdf.asp?o=81479.jpeg,jpeg,81479
8006,ALEVIN FEMENINO 6X6,GRUP B,6,MADRE ALBERTA FLYCADEMY,SCANNER RIB BOATS SON FERRER,3 - 2,23-25/26-24/19-25/25-13/15-4,,https://www.voleibolib.net/pdf.asp?o=81482.jpg,jpg,81482
8006,ALEVIN FEMENINO 6X6,GRUP B,6,CV SANT JOSEP GROC,VOLEI MURO,0 - 3,18-25/12-25/19-25,,https://www.voleibolib.net/pdf.asp?o=81484.jpeg,jpeg,81484
8006,ALEVIN FEMENINO 6X6,GRUP B,7,VOLEI MURO,MADRE ALBERTA H2A UNIFORMES,3 - 0,25-6/25-9/25-8,,https://www.voleibolib.net/pdf.asp?o=81485.jpeg,jpeg,81485
8006,ALEVIN FEMENINO 6X6,GRUP B,8,MADRE ALBERTA H2A UNIFORMES,MADRE ALBERTA FLYCADEMY,0 - 3,19-25/12-25/12-25,,https://www.voleibolib.net/pdf.asp?o=81489.jpg,jpg,81489
8006,ALEVIN FEMENINO 6X6,GRUP B,8,UNIÓ ESPORTIVA VALLDEMOSSA - CAN REÜLL,VOLEI MURO,3 - 0,25-22/25-15/25-22,,https://www.voleibolib.net/pdf.asp?o=81492.jpeg,jpeg,81492
8006,ALEVIN FEMENINO 6X6,GRUP B,9,UNIÓ ESPORTIVA VALLDEMOSSA - CAN REÜLL,MADRE ALBERTA H2A UNIFORMES,3 - 0,25-14/25-14/25-10,,https://www.voleibolib.net/pdf.asp?o=81493.jpeg,jpeg,81493
8006,ALEVIN FEMENINO 6X6,GRUP B,9,VOLEI MURO,SCANNER RIB BOATS SON FERRER,3 - 2,18-25/25-23/25-14/13-25/15-6,,https://www.voleibolib.net/pdf.asp?o=81494.jpg,jpg,81494
8006,ALEVIN FEMENINO 6X6,GRUP B,10,MADRE ALBERTA H2A UNIFORMES,ALEVIN SAGRAT COR,0 - 3,17-25/23-25/14-25,,https://www.voleibolib.net/pdf.asp?o=81497.jpg,jpg,81497
8006,ALEVIN FEMENINO 6X6,GRUP B,10,SCANNER RIB BOATS SON FERRER,UNIÓ ESPORTIVA VALLDEMOSSA - CAN REÜLL,0 - 3,14-25/27-29/17-25,,https://www.voleibolib.net/pdf.asp?o=81500.jpeg,jpeg,81500
8006,ALEVIN FEMENINO 6X6,GRUP B,11,SCANNER RIB BOATS SON FERRER,MADRE ALBERTA H2A UNIFORMES,3 - 0,25-10/25-11/25-18,,https://www.voleibolib.net/pdf.asp?o=81501.jpeg,jpeg,81501
8006,ALEVIN FEMENINO 6X6,GRUP B,11,VOLEI MURO,MADRE ALBERTA FLYCADEMY,3 - 1,14-25/25-23/25-18/25-19,,https://www.voleibolib.net/pdf.asp?o=81503.jpg,jpg,81503
8006,ALEVIN FEMENINO 6X6,GRUP B,11,CV SANT JOSEP GROC,ALEVIN SAGRAT COR,0 - 3,13-25/10-25/9-25,,https://www.voleibolib.net/pdf.asp?o=81504.jpeg,jpeg,81504
8006,ALEVIN FEMENINO 6X6,GRUP B,12,ALEVIN SAGRAT COR,VOLEI MURO,1 - 3,25-23/23-25/16-25/19-25,,https://www.voleibolib.net/pdf.asp?o=81506.jpg,jpg,81506
8006,ALEVIN FEMENINO 6X6,GRUP B,13,UNIÓ ESPORTIVA VALLDEMOSSA - CAN REÜLL,ALEVIN SAGRAT COR,3 - 0,25-8/25-14/25-21,,https://www.voleibolib.net/pdf.asp?o=81511.jpg,jpg,81511
8006,ALEVIN FEMENINO 6X6,GRUP B,13,VOLEI MURO,CV SANT JOSEP GROC,3 - 0,25-16/25-12/25-10,,https://www.voleibolib.net/pdf.asp?o=81512.jpg,jpg,81512
8006,ALEVIN FEMENINO 6X6,GRUP B,14,MADRE ALBERTA H2A UNIFORMES,VOLEI MURO,0 - 3,19-25/19-25/19-25,,https://www.voleibolib.net/pdf.asp?o=81513.jpg,jpg,81513
8006,ALEVIN FEMENINO 6X6,GRUP B,14,ALEVIN SAGRAT COR,SCANNER RIB BOATS SON FERRER,1 - 3,25-12/15-25/15-25/16-25,,https://www.voleibolib.net/pdf.asp?o=81515.jpg,jpg,81515
8117,ALEVIN FEMENINO 6X6,OR,1,MAYURQA VOLEY PALMA CARNICERIA JUANITA,MADRE ALBERTA FLYCADEMY,2 - 3,25-23/21-25/13-25/25-21/15-17,,https://www.voleibolib.net/pdf.asp?o=84576.jpg,jpg,84576
8117,ALEVIN FEMENINO 6X6,OR,1,SAN CAYETANO,UNIÓ ESPORTIVA VALLDEMOSSA - CAN REÜLL,0 - 3,15-25/17-25/19-25,,https://www.voleibolib.net/pdf.asp?o=84577.jpeg,jpeg,84577
8117,ALEVIN FEMENINO 6X6,OR,2,MADRE ALBERTA FLYCADEMY,SAN CAYETANO,3 - 2,14-25/22-25/25-18/25-20/15-8,,https://www.voleibolib.net/pdf.asp?o=84580.jpeg,jpeg,84580
8117,ALEVIN FEMENINO 6X6,OR,3,SANTANDREU SUREDA C.V. CARDASSAR,MADRE ALBERTA FLYCADEMY,0 - 3,22-25/23-25/9-25,,https://www.voleibolib.net/pdf.asp?o=84584.jpg,jpg,84584
8117,ALEVIN FEMENINO 6X6,OR,3,ENTRECULTURAS MONTESION,UNIÓ ESPORTIVA VALLDEMOSSA - CAN REÜLL,0 - 3,13-25/4-25/20-25,,https://www.voleibolib.net/pdf.asp?o=84585.jpg,jpg,84585
8117,ALEVIN FEMENINO 6X6,OR,3,MAYURQA VOLEY PALMA CARNICERIA JUANITA,VOLEI MURO,3 - 0,25-7/25-18/26-24,,https://www.voleibolib.net/pdf.asp?o=84586.jpg,jpg,84586
8117,ALEVIN FEMENINO 6X6,OR,3,SAN CAYETANO,SCANNER RIB BOATS SON FERRER,1 - 3,15-25/25-22/17-25/16-25,,https://www.voleibolib.net/pdf.asp?o=84587.jpeg,jpeg,84587
8117,ALEVIN FEMENINO 6X6,OR,4,MADRE ALBERTA FLYCADEMY,ENTRECULTURAS MONTESION,3 - 0,25-21/26-24/25-21,,https://www.voleibolib.net/pdf.asp?o=84588.jpeg,jpeg,84588
8117,ALEVIN FEMENINO 6X6,OR,4,UNIÓ ESPORTIVA VALLDEMOSSA - CAN REÜLL,MAYURQA VOLEY PALMA CARNICERIA JUANITA,3 - 2,25-18/18-25/25-20/20-25/15-12,,https://www.voleibolib.net/pdf.asp?o=84589.jpg,jpg,84589
8117,ALEVIN FEMENINO 6X6,OR,4,VOLEI MURO,SAN CAYETANO,3 - 1,10-25/25-20/25-12/26-24,,https://www.voleibolib.net/pdf.asp?o=84590.jpeg,jpeg,84590
8117,ALEVIN FEMENINO 6X6,OR,5,UNIÓ ESPORTIVA VALLDEMOSSA - CAN REÜLL,SAN CAYETANO,3 - 0,25-21/27-25/25-16,,https://www.voleibolib.net/pdf.asp?o=84593.jpeg,jpeg,84593
8117,ALEVIN FEMENINO 6X6,OR,5,SCANNER RIB BOATS SON FERRER,ENTRECULTURAS MONTESION,3 - 0,25-7/25-17/25-9,,https://www.voleibolib.net/pdf.asp?o=84595.jpeg,jpeg,84595
8117,ALEVIN FEMENINO 6X6,OR,6,SAN CAYETANO,MADRE ALBERTA FLYCADEMY,2 - 3,25-15/20-25/25-21/17-25/7-15,,https://www.voleibolib.net/pdf.asp?o=84596.jpeg,jpeg,84596
8117,ALEVIN FEMENINO 6X6,OR,6,SANTANDREU SUREDA C.V. CARDASSAR,UNIÓ ESPORTIVA VALLDEMOSSA - CAN REÜLL,0 - 3,22-25/22-25/10-25,,https://www.voleibolib.net/pdf.asp?o=84597.jpg,jpg,84597
8117,ALEVIN FEMENINO 6X6,OR,6,ENTRECULTURAS MONTESION,VOLEI MURO,2 - 3,21-25/25-20/25-20/23-25/3-15,,https://www.voleibolib.net/pdf.asp?o=84598.jpeg,jpeg,84598
8117,ALEVIN FEMENINO 6X6,OR,6,MAYURQA VOLEY PALMA CARNICERIA JUANITA,SCANNER RIB BOATS SON FERRER,3 - 1,25-12/17-25/25-15/25-15,,https://www.voleibolib.net/pdf.asp?o=84599.jpg,jpg,84599
8117,ALEVIN FEMENINO 6X6,OR,7,MADRE ALBERTA FLYCADEMY,SANTANDREU SUREDA C.V. CARDASSAR,3 - 0,25-14/25-8/25-14,,https://www.voleibolib.net/pdf.asp?o=84600.jpeg,jpeg,84600
8117,ALEVIN FEMENINO 6X6,OR,7,UNIÓ ESPORTIVA VALLDEMOSSA - CAN REÜLL,ENTRECULTURAS MONTESION,3 - 0,25-16/25-18/25-22,,https://www.voleibolib.net/pdf.asp?o=84601.jpeg,jpeg,84601
8117,ALEVIN FEMENINO 6X6,OR,7,VOLEI MURO,MAYURQA VOLEY PALMA CARNICERIA JUANITA,1 - 3,13-25/25-18/19-25/19-25,,https://www.voleibolib.net/pdf.asp?o=84602.jpeg,jpeg,84602
8117,ALEVIN FEMENINO 6X6,OR,7,SCANNER RIB BOATS SON FERRER,SAN CAYETANO,3 - 2,20-25/19-25/25-19/25-18/15-12,,https://www.voleibolib.net/pdf.asp?o=84603.jpg,jpg,84603
8117,ALEVIN FEMENINO 6X6,OR,8,MAYURQA VOLEY PALMA CARNICERIA JUANITA,UNIÓ ESPORTIVA VALLDEMOSSA - CAN REÜLL,3 - 0,25-9/25-15/25-16,,https://www.voleibolib.net/pdf.asp?o=84605.jpeg,jpeg,84605
8117,ALEVIN FEMENINO 6X6,OR,8,SAN CAYETANO,VOLEI MURO,3 - 1,25-16/20-25/25-23/25-12,,https://www.voleibolib.net/pdf.asp?o=84606.jpeg,jpeg,84606
8119,ALEVIN FEMENINO 6X6,PLATA,1,ALEVIN SAGRAT COR,MADRE ALBERTA D,3 - 0,25-11/25-8/25-12,,https://www.voleibolib.net/pdf.asp?o=84609.jpeg,jpeg,84609
8119,ALEVIN FEMENINO 6X6,PLATA,1,TRISPORT  CV PORTO CRISTO,CV SANT JOSEP GROC,3 - 1,25-8/15-25/25-15/25-23,,https://www.voleibolib.net/pdf.asp?o=84610.jpg,jpg,84610
8119,ALEVIN FEMENINO 6X6,PLATA,2,MADRE ALBERTA H2A UNIFORMES,ALEVIN SAGRAT COR,1 - 3,19-25/22-25/25-21/16-25,,https://www.voleibolib.net/pdf.asp?o=84611.jpeg,jpeg,84611
8119,ALEVIN FEMENINO 6X6,PLATA,2,MADRE ALBERTA SEGUROS FERRON,CV SANT JOSEP GROC,3 - 0,25-15/25-17/25-11,,https://www.voleibolib.net/pdf.asp?o=84612.jpg,jpg,84612
8119,ALEVIN FEMENINO 6X6,PLATA,2,MADRE ALBERTA D,TRISPORT  CV PORTO CRISTO,0 - 3,19-25/16-25/16-25,,https://www.voleibolib.net/pdf.asp?o=84613.jpg,jpg,84613
8119,ALEVIN FEMENINO 6X6,PLATA,3,ALEVIN SAGRAT COR,MADRE ALBERTA SEGUROS FERRON,3 - 0,25-21/25-13/25-21,,https://www.voleibolib.net/pdf.asp?o=84614.jpg,jpg,84614
8119,ALEVIN FEMENINO 6X6,PLATA,3,CV SANT JOSEP GROC,MADRE ALBERTA D,3 - 1,25-5/25-20/19-25/25-21,,https://www.voleibolib.net/pdf.asp?o=84616.jpeg,jpeg,84616
8119,ALEVIN FEMENINO 6X6,PLATA,4,MADRE ALBERTA SEGUROS FERRON,MADRE ALBERTA D,3 - 1,25-4/25-19/22-25/25-19,,https://www.voleibolib.net/pdf.asp?o=84618.jpg,jpg,84618
8119,ALEVIN FEMENINO 6X6,PLATA,5,CV SANT JOSEP GROC,ALEVIN SAGRAT COR,0 - 3,16-25/10-25/11-25,,https://www.voleibolib.net/pdf.asp?o=84621.jpg,jpg,84621
8119,ALEVIN FEMENINO 6X6,PLATA,5,MADRE ALBERTA D,MADRE ALBERTA H2A UNIFORMES,0 - 3,18-25/16-25/17-25,,https://www.voleibolib.net/pdf.asp?o=84622.jpg,jpg,84622
8119,ALEVIN FEMENINO 6X6,PLATA,6,MADRE ALBERTA SEGUROS FERRON,MADRE ALBERTA H2A UNIFORMES,1 - 3,17-25/25-22/14-25/21-25,,https://www.voleibolib.net/pdf.asp?o=84623.jpg,jpg,84623
8119,ALEVIN FEMENINO 6X6,PLATA,6,MADRE ALBERTA D,ALEVIN SAGRAT COR,0 - 3,12-25/12-25/18-25,,https://www.voleibolib.net/pdf.asp?o=84624.jpg,jpg,84624
8119,ALEVIN FEMENINO 6X6,PLATA,6,CV SANT JOSEP GROC,TRISPORT  CV PORTO CRISTO,3 - 1,22-25/25-9/25-23/28-26,,https://www.voleibolib.net/pdf.asp?o=84625.jpeg,jpeg,84625
8119,ALEVIN FEMENINO 6X6,PLATA,7,CV SANT JOSEP GROC,MADRE ALBERTA SEGUROS FERRON,1 - 3,25-18/14-25/13-25/23-25,,https://www.voleibolib.net/pdf.asp?o=84627.jpg,jpg,84627
8119,ALEVIN FEMENINO 6X6,PLATA,7,TRISPORT  CV PORTO CRISTO,MADRE ALBERTA D,3 - 0,25-20/25-10/25-19,,https://www.voleibolib.net/pdf.asp?o=84628.jpeg,jpeg,84628
8119,ALEVIN FEMENINO 6X6,PLATA,8,MADRE ALBERTA SEGUROS FERRON,ALEVIN SAGRAT COR,0 - 3,14-25/26-28/19-25,,https://www.voleibolib.net/pdf.asp?o=84629.jpeg,jpeg,84629
8119,ALEVIN FEMENINO 6X6,PLATA,9,CV SANT JOSEP GROC,MADRE ALBERTA H2A UNIFORMES,3 - 2,23-25/21-25/25-22/25-22/15-7,,https://www.voleibolib.net/pdf.asp?o=84634.jpeg,jpeg,84634
8119,ALEVIN FEMENINO 6X6,PLATA,10,MADRE ALBERTA SEGUROS FERRON,TRISPORT  CV PORTO CRISTO,3 - 1,25-14/20-25/25-22/27-25,,https://www.voleibolib.net/pdf.asp?o=84635.jpg,jpg,84635
8119,ALEVIN FEMENINO 6X6,PLATA,10,MADRE ALBERTA H2A UNIFORMES,MADRE ALBERTA D,2 - 3,25-20/27-25/25-27/21-25/13-15,,https://www.voleibolib.net/pdf.asp?o=84637.jpg,jpg,84637
8003,Infantil Femenina,PREFERENT,1,EECV CIUTADELLA SOM EQUIP,CV INTER MAÓ PANTERAS ROSAS,3 - 0,25-14/25-13/25-13,,https://www.voleibolib.net/pdf.asp?o=81401.jpg,jpg,81401
8003,Infantil Femenina,PREFERENT,1,CV ALAIOR GROC,CLUB VOLEI MAÓ INFANTIL FEMENÍ,3 - 0,25-15/25-20/25-5,,https://www.voleibolib.net/pdf.asp?o=81402.jpg,jpg,81402
8003,Infantil Femenina,PREFERENT,2,CV INTER MAÓ PANTERAS ROSAS,EEECV TOTES A UNA,0 - 3,5-25/8-25/7-25,,https://www.voleibolib.net/pdf.asp?o=81405.jpg,jpg,81405
8003,Infantil Femenina,PREFERENT,3,CV ALAIOR GROC,CV INTER MAÓ PANTERAS ROSAS,3 - 0,25-2/25-12/25-4,,https://www.voleibolib.net/pdf.asp?o=81407.jpg,jpg,81407
8003,Infantil Femenina,PREFERENT,3,CLUB VOLEI MAÓ INFANTIL FEMENÍ,EEECV TOTES A UNA,0 - 3,6-25/14-25/13-25,,https://www.voleibolib.net/pdf.asp?o=81409.jpeg,jpeg,81409
8003,Infantil Femenina,PREFERENT,4,EECV CIUTADELLA SOM EQUIP,EEECV TOTES A UNA,0 - 3,17-25/6-25/12-25,,https://www.voleibolib.net/pdf.asp?o=81412.jpg,jpg,81412
8003,Infantil Femenina,PREFERENT,5,EEECV TOTES A UNA,CV ALAIOR GROC,1 - 3,25-17/5-25/21-25/18-25,,https://www.voleibolib.net/pdf.asp?o=81414.jpg,jpg,81414
8003,Infantil Femenina,PREFERENT,7,EEECV TOTES A UNA,CV INTER MAÓ PANTERAS ROSAS,3 - 0,25-7/25-8/25-5,,https://www.voleibolib.net/pdf.asp?o=81420.jpg,jpg,81420
8003,Infantil Femenina,PREFERENT,10,EECV CIUTADELLA SOM EQUIP,CLUB VOLEI MAÓ INFANTIL FEMENÍ,3 - 0,25-18/25-20/25-17,,https://www.voleibolib.net/pdf.asp?o=81430.jpeg,jpeg,81430
8004,Infantil Femenina,TORNEIG TARDOR,1,EECVC NO SOM 6,CV CIUTADELLA,3 - 2,11-25/25-21/25-22/16-25/15-13,,https://www.voleibolib.net/pdf.asp?o=81431.jpeg,jpeg,81431
8004,Infantil Femenina,TORNEIG TARDOR,1,CV ALAIOR BLAU,CLUB VOLEI ES CASTELL MASCULÍ,0 - 3,19-25/15-25/12-25,,https://www.voleibolib.net/pdf.asp?o=81432.jpg,jpg,81432
8004,Infantil Femenina,TORNEIG TARDOR,2,EECVC NO SOM 6,CV ALAIOR BLAU,1 - 3,13-25/25-15/17-25/13-25,,https://www.voleibolib.net/pdf.asp?o=81434.jpg,jpg,81434
8004,Infantil Femenina,TORNEIG TARDOR,2,CV CIUTADELLA,EECVC SOM TOTES,3 - 0,25-4/25-6/25-6,,https://www.voleibolib.net/pdf.asp?o=81435.jpg,jpg,81435
8004,Infantil Femenina,TORNEIG TARDOR,3,EECVC SOM TOTES,CLUB VOLEI ES CASTELL MASCULÍ,0 - 3,16-25/9-25/7-25,,https://www.voleibolib.net/pdf.asp?o=81439.jpg,jpg,81439
8004,Infantil Femenina,TORNEIG TARDOR,5,EECVC SOM TOTES,CV ALAIOR BLAU,2 - 3,25-22/25-22/13-25/19-25/10-15,,https://www.voleibolib.net/pdf.asp?o=81444.jpeg,jpeg,81444
8004,Infantil Femenina,TORNEIG TARDOR,5,CLUB VOLEI ES CASTELL MASCULÍ,EECVC NO SOM 6,3 - 0,25-11/25-10/25-10,,https://www.voleibolib.net/pdf.asp?o=81445.jpg,jpg,81445
8004,Infantil Femenina,TORNEIG TARDOR,7,EECVC SOM TOTES,CV CIUTADELLA,0 - 3,14-25/22-25/12-25,,https://www.voleibolib.net/pdf.asp?o=81450.jpg,jpg,81450
8004,Infantil Femenina,TORNEIG TARDOR,8,CV CIUTADELLA,CV ALAIOR BLAU,3 - 1,25-9/25-23/15-25/25-19,,https://www.voleibolib.net/pdf.asp?o=81452.jpeg,jpeg,81452
8004,Infantil Femenina,TORNEIG TARDOR,10,CV ALAIOR BLAU,EECVC SOM TOTES,3 - 2,12-25/25-7/25-12/21-25/15-8,,https://www.voleibolib.net/pdf.asp?o=1769260600_4207.pdf,otro,
8004,Infantil Femenina,TORNEIG TARDOR,10,EECVC NO SOM 6,CLUB VOLEI ES CASTELL MASCULÍ,0 - 3,8-25/22-25/16-25/0-0/0-0,,https://www.voleibolib.net/pdf.asp?o=81460.jpeg,jpeg,81460
8093,Infantil Femenina,CAMPIONAT DE MENORCA,2,EECV CIUTADELLA SOM EQUIP,EEECV TOTES A UNA,0 - 3,13-25/8-25/9-25,,https://www.voleibolib.net/pdf.asp?o=84063.jpeg,jpeg,84063
8093,Infantil Femenina,CAMPIONAT DE MENORCA,5,EEECV TOTES A UNA,EECV CIUTADELLA SOM EQUIP,3 - 0,25-12/25-9/25-19,,https://www.voleibolib.net/pdf.asp?o=84069.jpg,jpg,84069
8093,Infantil Femenina,CAMPIONAT DE MENORCA,5,CLUB VOLEI MAÓ INFANTIL FEMENÍ,CV ALAIOR GROC,0 - 3,19-25/7-25/2-25,,https://www.voleibolib.net/pdf.asp?o=84070.jpeg,jpeg,84070
8093,Infantil Femenina,CAMPIONAT DE MENORCA,6,EECV CIUTADELLA SOM EQUIP,CLUB VOLEI MAÓ INFANTIL FEMENÍ,2 - 3,24-26/25-5/25-22/22-25/14-16,,https://www.voleibolib.net/pdf.asp?o=84072.jpeg,jpeg,84072
8094,Infantil Femenina,LLIGA PLATA,1,CV ALAIOR BLAU,EECVC SOM TOTES,3 - 0,25-16/27-25/25-20/0-0/0-0,,https://www.voleibolib.net/pdf.asp?o=84073.jpg,jpg,84073
8094,Infantil Femenina,LLIGA PLATA,1,CV INTER MAÓ PANTERAS ROSAS,EECVC NO SOM 6,0 - 3,14-25/7-25/11-25,,https://www.voleibolib.net/pdf.asp?o=84074.jpeg,jpeg,84074
8094,Infantil Femenina,LLIGA PLATA,2,EECVC SOM TOTES,EECVC NO SOM 6,0 - 3,16-25/10-25/18-25,,https://www.voleibolib.net/pdf.asp?o=84075.jpg,jpg,84075
8094,Infantil Femenina,LLIGA PLATA,2,CV ALAIOR BLAU,CV INTER MAÓ PANTERAS ROSAS,3 - 1,25-16/21-25/25-12/25-15,,https://www.voleibolib.net/pdf.asp?o=84076.jpeg,jpeg,84076
8094,Infantil Femenina,LLIGA PLATA,3,EECVC NO SOM 6,CV ALAIOR BLAU,3 - 0,25-9/25-16/25-20,,https://www.voleibolib.net/pdf.asp?o=84077.jpeg,jpeg,84077
8094,Infantil Femenina,LLIGA PLATA,3,CV INTER MAÓ PANTERAS ROSAS,EECVC SOM TOTES,1 - 3,25-10/24-26/25-27/11-25,,https://www.voleibolib.net/pdf.asp?o=84078.jpeg,jpeg,84078
8094,Infantil Femenina,LLIGA PLATA,4,EECVC SOM TOTES,CV ALAIOR BLAU,2 - 3,15-25/25-16/25-14/16-25/13-15,,https://www.voleibolib.net/pdf.asp?o=84079.jpg,jpg,84079
8094,Infantil Femenina,LLIGA PLATA,4,EECVC NO SOM 6,CV INTER MAÓ PANTERAS ROSAS,3 - 0,25-9/25-8/25-11,,https://www.voleibolib.net/pdf.asp?o=84080.jpeg,jpeg,84080
8094,Infantil Femenina,LLIGA PLATA,5,EECVC NO SOM 6,EECVC SOM TOTES,3 - 1,25-11/25-18/21-25/25-17,,https://www.voleibolib.net/pdf.asp?o=84081.jpg,jpg,84081
8094,Infantil Femenina,LLIGA PLATA,5,CV INTER MAÓ PANTERAS ROSAS,CV ALAIOR BLAU,1 - 3,16-25/25-23/9-25/23-25,,https://www.voleibolib.net/pdf.asp?o=84082.jpg,jpg,84082
8094,Infantil Femenina,LLIGA PLATA,6,CV ALAIOR BLAU,EECVC NO SOM 6,1 - 3,24-26/25-21/22-25/15-25,,https://www.voleibolib.net/pdf.asp?o=84083.jpg,jpg,84083
8094,Infantil Femenina,LLIGA PLATA,6,EECVC SOM TOTES,CV INTER MAÓ PANTERAS ROSAS,0 - 3,25-27/21-25/24-26,,https://www.voleibolib.net/pdf.asp?o=84084.jpg,jpg,84084
8024,Infantil Masculina,Liga Regular,1,LA TRIBU SANTA EULALIA MASC,SERVICIOS PALAU CV COR PITIUS,3 - 0,25-10/25-16/25-15,,https://www.voleibolib.net/pdf.asp?o=82050.jpg,jpg,82050
8024,Infantil Masculina,Liga Regular,5,LA TRIBU SANTA EULALIA MASC,CD MESTRAL IBIZA VOLEY,3 - 1,25-16/25-23/22-25/25-17,,https://www.voleibolib.net/pdf.asp?o=82058.jpg,jpg,82058
8024,Infantil Masculina,Liga Regular,6,CD MESTRAL IBIZA VOLEY,SERVICIOS PALAU CV COR PITIUS,3 - 0,25-20/25-18/25-21,,https://www.voleibolib.net/pdf.asp?o=82059.jpg,jpg,82059
8024,Infantil Masculina,Liga Regular,9,CD MESTRAL IBIZA VOLEY,SERVICIOS PALAU CV COR PITIUS,3 - 0,25-16/25-17/25-20,,https://www.voleibolib.net/pdf.asp?o=82065.png,png,82065
8024,Infantil Masculina,Liga Regular,10,LA TRIBU SANTA EULALIA MASC,SERVICIOS PALAU CV COR PITIUS,3 - 0,25-21/25-21/25-16,,https://www.voleibolib.net/pdf.asp?o=82068.jpg,jpg,82068
8024,Infantil Masculina,Liga Regular,11,CD MESTRAL IBIZA VOLEY,LA TRIBU SANTA EULALIA MASC,3 - 2,18-25/25-20/25-17/19-25/15-8,,https://www.voleibolib.net/pdf.asp?o=82070.jpg,jpg,82070
8023,Infantil Femenina,Liga Regular,1,LA TRIBU AUSONIA PIZZERIA,ES RACO DES PA FORMENTERA LA TRIBU,3 - 0,25-16/25-20/27-25,,https://www.voleibolib.net/pdf.asp?o=81959.jpeg,jpeg,81959
8023,Infantil Femenina,Liga Regular,1,CLUB VOLEIBOL EIVISSA,CD MESTRAL IBIZA VOLEY,1 - 3,23-25/25-22/23-25/4-25,,https://www.voleibolib.net/pdf.asp?o=81960.jpeg,jpeg,81960
8023,Infantil Femenina,Liga Regular,1,LA TRIBU SANTA EULALIA FEM,AUSONIA PIZZERIA LA TRIBU SAN AN,0 - 3,14-25/13-25/16-25,,https://www.voleibolib.net/pdf.asp?o=81962.jpeg,jpeg,81962
8023,Infantil Femenina,Liga Regular,1,SERVICIOS PALAU / COR PITIUS,CV COR PITIUS,3 - 2,18-25/13-25/26-24/25-23/15-12,,https://www.voleibolib.net/pdf.asp?o=1762687029_9015.pdf,otro,
8023,Infantil Femenina,Liga Regular,2,AUSONIA PIZZERIA LA TRIBU SAN AN,SERVICIOS PALAU / COR PITIUS,3 - 0,25-9/25-15/25-8,,https://www.voleibolib.net/pdf.asp?o=81965.jpeg,jpeg,81965
8023,Infantil Femenina,Liga Regular,2,CD MESTRAL IBIZA VOLEY,BLAKSTAD CV STA. EULALIA,3 - 0,25-22/25-8/25-21,,https://www.voleibolib.net/pdf.asp?o=81967.jpg,jpg,81967
8023,Infantil Femenina,Liga Regular,2,LA TRIBU AUSONIA PIZZERIA,CLUB VOLEIBOL EIVISSA,0 - 3,23-25/13-25/15-25,,https://www.voleibolib.net/pdf.asp?o=81968.jpeg,jpeg,81968
8023,Infantil Femenina,Liga Regular,3,CLUB VOLEIBOL EIVISSA,ES RACO DES PA FORMENTERA LA TRIBU,3 - 0,25-15/25-8/25-8,,https://www.voleibolib.net/pdf.asp?o=81969.jpg,jpg,81969
8023,Infantil Femenina,Liga Regular,3,BLAKSTAD CV STA. EULALIA,LA TRIBU AUSONIA PIZZERIA,3 - 0,25-19/25-20/27-25,,https://www.voleibolib.net/pdf.asp?o=81970.jpg,jpg,81970
8023,Infantil Femenina,Liga Regular,3,LA TRIBU SANTA EULALIA FEM,CD MESTRAL IBIZA VOLEY,0 - 3,16-25/19-25/7-25,,https://www.voleibolib.net/pdf.asp?o=81971.jpeg,jpeg,81971
8023,Infantil Femenina,Liga Regular,4,CD MESTRAL IBIZA VOLEY,SERVICIOS PALAU / COR PITIUS,3 - 0,25-16/25-16/25-15,,https://www.voleibolib.net/pdf.asp?o=81976.jpg,jpg,81976
8023,Infantil Femenina,Liga Regular,4,LA TRIBU AUSONIA PIZZERIA,LA TRIBU SANTA EULALIA FEM,3 - 1,25-22/25-17/23-25/25-23,,https://www.voleibolib.net/pdf.asp?o=81977.jpeg,jpeg,81977
8023,Infantil Femenina,Liga Regular,4,CLUB VOLEIBOL EIVISSA,BLAKSTAD CV STA. EULALIA,1 - 3,7-25/20-25/25-18/20-25,,https://www.voleibolib.net/pdf.asp?o=81978.jpeg,jpeg,81978
8023,Infantil Femenina,Liga Regular,5,BLAKSTAD CV STA. EULALIA,ES RACO DES PA FORMENTERA LA TRIBU,3 - 1,25-5/14-25/25-11/25-23,,https://www.voleibolib.net/pdf.asp?o=81979.jpg,jpg,81979
8023,Infantil Femenina,Liga Regular,5,LA TRIBU SANTA EULALIA FEM,CLUB VOLEIBOL EIVISSA,3 - 1,26-28/25-22/25-18/25-15,,https://www.voleibolib.net/pdf.asp?o=81980.jpeg,jpeg,81980
8023,Infantil Femenina,Liga Regular,5,CV COR PITIUS,CD MESTRAL IBIZA VOLEY,1 - 3,25-8/19-25/12-25/18-25,,https://www.voleibolib.net/pdf.asp?o=81982.jpg,jpg,81982
8023,Infantil Femenina,Liga Regular,6,CD MESTRAL IBIZA VOLEY,AUSONIA PIZZERIA LA TRIBU SAN AN,0 - 3,16-25/22-25/23-25,,https://www.voleibolib.net/pdf.asp?o=81985.jpg,jpg,81985
8023,Infantil Femenina,Liga Regular,6,LA TRIBU AUSONIA PIZZERIA,CV COR PITIUS,1 - 3,19-25/24-26/25-15/19-25,,https://www.voleibolib.net/pdf.asp?o=81986.jpg,jpg,81986
8023,Infantil Femenina,Liga Regular,6,CLUB VOLEIBOL EIVISSA,SERVICIOS PALAU / COR PITIUS,1 - 3,26-24/8-25/18-25/18-25,,https://www.voleibolib.net/pdf.asp?o=1766260995_3140.pdf,otro,
8023,Infantil Femenina,Liga Regular,6,BLAKSTAD CV STA. EULALIA,LA TRIBU SANTA EULALIA FEM,3 - 1,24-26/25-19/26-24/25-23,,https://www.voleibolib.net/pdf.asp?o=81988.jpg,jpg,81988
8023,Infantil Femenina,Liga Regular,7,LA TRIBU SANTA EULALIA FEM,ES RACO DES PA FORMENTERA LA TRIBU,3 - 0,25-12/25-20/25-12,,https://www.voleibolib.net/pdf.asp?o=81989.jpg,jpg,81989
8023,Infantil Femenina,Liga Regular,7,AUSONIA PIZZERIA LA TRIBU SAN AN,LA TRIBU AUSONIA PIZZERIA,3 - 0,25-11/25-12/25-8,,https://www.voleibolib.net/pdf.asp?o=81992.png,png,81992
8023,Infantil Femenina,Liga Regular,8,ES RACO DES PA FORMENTERA LA TRIBU,CD MESTRAL IBIZA VOLEY,0 - 3,14-25/12-25/15-25,,https://www.voleibolib.net/pdf.asp?o=81994.jpg,jpg,81994
8023,Infantil Femenina,Liga Regular,8,LA TRIBU SANTA EULALIA FEM,SERVICIOS PALAU / COR PITIUS,3 - 2,25-14/25-23/16-25/18-25/15-13,,https://www.voleibolib.net/pdf.asp?o=81998.jpg,jpg,81998
8023,Infantil Femenina,Liga Regular,9,CD MESTRAL IBIZA VOLEY,LA TRIBU AUSONIA PIZZERIA,3 - 0,25-16/25-15/25-23,,https://www.voleibolib.net/pdf.asp?o=82003.jpg,jpg,82003
8023,Infantil Femenina,Liga Regular,10,ES RACO DES PA FORMENTERA LA TRIBU,LA TRIBU AUSONIA PIZZERIA,0 - 3,18-25/17-25/19-25,,https://www.voleibolib.net/pdf.asp?o=82004.jpg,jpg,82004
8023,Infantil Femenina,Liga Regular,10,CD MESTRAL IBIZA VOLEY,CLUB VOLEIBOL EIVISSA,3 - 0,25-18/25-22/25-4,,https://www.voleibolib.net/pdf.asp?o=82005.jpg,jpg,82005
8023,Infantil Femenina,Liga Regular,10,CV COR PITIUS,SERVICIOS PALAU / COR PITIUS,1 - 3,25-18/14-25/22-25/17-25,,https://www.voleibolib.net/pdf.asp?o=82008.jpg,jpg,82008
8023,Infantil Femenina,Liga Regular,11,CV COR PITIUS,ES RACO DES PA FORMENTERA LA TRIBU,3 - 1,25-10/25-22/23-25/25-10,,https://www.voleibolib.net/pdf.asp?o=82009.jpg,jpg,82009
8023,Infantil Femenina,Liga Regular,11,SERVICIOS PALAU / COR PITIUS,AUSONIA PIZZERIA LA TRIBU SAN AN,0 - 3,11-25/16-25/16-25,,https://www.voleibolib.net/pdf.asp?o=82010.jpg,jpg,82010
8023,Infantil Femenina,Liga Regular,12,AUSONIA PIZZERIA LA TRIBU SAN AN,CV COR PITIUS,3 - 0,25-13/25-16/25-12,,https://www.voleibolib.net/pdf.asp?o=82018.jpg,jpg,82018
8023,Infantil Femenina,Liga Regular,13,AUSONIA PIZZERIA LA TRIBU SAN AN,ES RACO DES PA FORMENTERA LA TRIBU,3 - 0,25-5/25-11/25-10,,https://www.voleibolib.net/pdf.asp?o=82019.jpeg,jpeg,82019
8023,Infantil Femenina,Liga Regular,13,LA TRIBU SANTA EULALIA FEM,LA TRIBU AUSONIA PIZZERIA,2 - 3,19-25/25-12/25-20/18-25/10-15,,https://www.voleibolib.net/pdf.asp?o=82022.jpeg,jpeg,82022
8023,Infantil Femenina,Liga Regular,13,BLAKSTAD CV STA. EULALIA,CLUB VOLEIBOL EIVISSA,3 - 1,25-13/23-25/25-20/25-20,,https://www.voleibolib.net/pdf.asp?o=82023.jpg,jpg,82023
8023,Infantil Femenina,Liga Regular,14,ES RACO DES PA FORMENTERA LA TRIBU,BLAKSTAD CV STA. EULALIA,0 - 3,11-25/11-25/18-25,,https://www.voleibolib.net/pdf.asp?o=82024.jpeg,jpeg,82024
8023,Infantil Femenina,Liga Regular,14,CLUB VOLEIBOL EIVISSA,LA TRIBU SANTA EULALIA FEM,0 - 3,18-25/16-25/5-25,,https://www.voleibolib.net/pdf.asp?o=82025.jpeg,jpeg,82025
8023,Infantil Femenina,Liga Regular,14,LA TRIBU AUSONIA PIZZERIA,SERVICIOS PALAU / COR PITIUS,2 - 3,20-25/24-26/25-17/25-20/5-15,,https://www.voleibolib.net/pdf.asp?o=82026.jpg,jpg,82026
8023,Infantil Femenina,Liga Regular,14,CD MESTRAL IBIZA VOLEY,CV COR PITIUS,3 - 0,25-18/25-17/25-14,,https://www.voleibolib.net/pdf.asp?o=82027.jpeg,jpeg,82027
8023,Infantil Femenina,Liga Regular,15,SERVICIOS PALAU / COR PITIUS,CLUB VOLEIBOL EIVISSA,2 - 3,25-26/25-20/8-25/25-19/5-15,,https://www.voleibolib.net/pdf.asp?o=82032.jpeg,jpeg,82032
8023,Infantil Femenina,Liga Regular,15,LA TRIBU SANTA EULALIA FEM,BLAKSTAD CV STA. EULALIA,0 - 3,20-25/19-25/24-26,,https://www.voleibolib.net/pdf.asp?o=82033.jpeg,jpeg,82033
8023,Infantil Femenina,Liga Regular,16,BLAKSTAD CV STA. EULALIA,SERVICIOS PALAU / COR PITIUS,1 - 3,25-23/18-25/21-25/18-25,,https://www.voleibolib.net/pdf.asp?o=82035.jpg,jpg,82035
8023,Infantil Femenina,Liga Regular,16,CLUB VOLEIBOL EIVISSA,CV COR PITIUS,2 - 3,11-25/25-15/25-17/19-25/12-15,,https://www.voleibolib.net/pdf.asp?o=82036.jpeg,jpeg,82036
8023,Infantil Femenina,Liga Regular,16,LA TRIBU AUSONIA PIZZERIA,AUSONIA PIZZERIA LA TRIBU SAN AN,0 - 3,16-25/14-25/13-25,,https://www.voleibolib.net/pdf.asp?o=82037.jpeg,jpeg,82037
8023,Infantil Femenina,Liga Regular,17,CD MESTRAL IBIZA VOLEY,ES RACO DES PA FORMENTERA LA TRIBU,3 - 0,25-5/25-11/25-9,,https://www.voleibolib.net/pdf.asp?o=82039.jpg,jpg,82039
8023,Infantil Femenina,Liga Regular,17,CV COR PITIUS,BLAKSTAD CV STA. EULALIA,3 - 2,19-25/23-25/25-18/25-15/15-9,,https://www.voleibolib.net/pdf.asp?o=82042.jpeg,jpeg,82042
8023,Infantil Femenina,Liga Regular,18,BLAKSTAD CV STA. EULALIA,AUSONIA PIZZERIA LA TRIBU SAN AN,1 - 3,8-25/25-21/12-25/13-25,,https://www.voleibolib.net/pdf.asp?o=82046.jpg,jpg,82046
